"sampleID","seqID","Mouse","Treatment","Diet","Cage","Desc","Day","Rec_day","Rec_day_adj","Sac.group","Aim","Cohort","reads.in","reads.out","nseqs","seq_run","Abx","Post.diet","Post.micr"
"HF10","MMF.16S.123_HF10","5264","WD-ABX","WD","4","baseline",0,-13,-13,0,"A1","C1",226300,173866,157397,"June_2021","ABX","",""
"HF11","MMF.16S.123_HF11","5265","WD-ABX","WD","4","baseline",0,-13,-13,0,"A1","C1",130407,98088,81899,"June_2021","ABX","",""
"HF12","MMF.16S.123_HF12","5732","WD-ABX","WD","4","baseline",0,-13,-13,0,"A1","C1",152195,109574,93712,"June_2021","ABX","",""
"HF13","MMF.16S.123_HF13","5735","RC-ABX","RC","1","post_diet",10,-3,-3,0,"A1","C1",212831,155462,137121,"June_2021","ABX","",""
"HF14","MMF.16S.123_HF14","5570","RC-ABX","RC","1","post_diet",10,-3,-3,0,"A1","C1",37907,17565,15593,"June_2021","ABX","",""
"HF15","MMF.16S.123_HF15","5571","RC-ABX","RC","1","post_diet",10,-3,-3,0,"A1","C1",412210,304523,265622,"June_2021","ABX","",""
"HF16","MMF.16S.123_HF16","5266","RC-ABX","RC","2","post_diet",10,-3,-3,0,"A1","C1",222806,163463,144546,"June_2021","ABX","",""
"HF17","MMF.16S.123_HF17","5267","RC-ABX","RC","2","post_diet",10,-3,-3,0,"A1","C1",299805,206165,177185,"June_2021","ABX","",""
"HF18","MMF.16S.123_HF18","5734","RC-ABX","RC","2","post_diet",10,-3,-3,0,"A1","C1",292629,212211,179955,"June_2021","ABX","",""
"HF19","MMF.16S.123_HF19","5733","WD-ABX","WD","3","post_diet",10,-3,-3,0,"A1","C1",109467,85077,76871,"June_2021","ABX","",""
"HF1","MMF.16S.123_HF1","5735","RC-ABX","RC","1","baseline",0,-13,-13,0,"A1","C1",331032,247782,224678,"June_2021","ABX","",""
"HF20","MMF.16S.123_HF20","5568","WD-ABX","WD","3","post_diet",10,-3,-3,0,"A1","C1",189360,143416,129513,"June_2021","ABX","",""
"HF21","MMF.16S.123_HF21","5569","WD-ABX","WD","3","post_diet",10,-3,-3,0,"A1","C1",180927,124532,115326,"June_2021","ABX","",""
"HF22","MMF.16S.123_HF22","5264","WD-ABX","WD","4","post_diet",10,-3,-3,0,"A1","C1",112466,74068,65512,"June_2021","ABX","",""
"HF23","MMF.16S.123_HF23","5265","WD-ABX","WD","4","post_diet",10,-3,-3,0,"A1","C1",52696,38665,29416,"June_2021","ABX","",""
"HF24","MMF.16S.123_HF24","5732","WD-ABX","WD","4","post_diet",10,-3,-3,0,"A1","C1",267181,208273,179244,"June_2021","ABX","",""
"HF25","MMF.16S.123_HF25","5735","RC-ABX","RC","1","post_abx",13,0,0,0,"A1","C1",221580,152208,143910,"June_2021","ABX","",""
"HF26","MMF.16S.123_HF26","5570","RC-ABX","RC","1","post_abx",13,0,0,0,"A1","C1",494126,318489,311738,"June_2021","ABX","",""
"HF27","MMF.16S.123_HF27","5571","RC-ABX","RC","1","post_abx",13,0,0,0,"A1","C1",63126,45151,43524,"June_2021","ABX","",""
"HF28","MMF.16S.123_HF28","5266","RC-ABX","RC","2","post_abx",13,0,0,0,"A1","C1",50487,28489,27114,"June_2021","ABX","",""
"HF29","MMF.16S.123_HF29","5267","RC-ABX","RC","2","post_abx",13,0,0,0,"A1","C1",51016,29075,28231,"June_2021","ABX","",""
"HF2","MMF.16S.123_HF2","5570","RC-ABX","RC","1","baseline",0,-13,-13,0,"A1","C1",230445,172369,152935,"June_2021","ABX","",""
"HF30","MMF.16S.123_HF30","5734","RC-ABX","RC","2","post_abx",13,0,0,0,"A1","C1",41469,26751,25479,"June_2021","ABX","",""
"HF31","MMF.16S.123_HF31","5733","WD-ABX","WD","3","post_abx",13,0,0,0,"A1","C1",26906,22972,22710,"June_2021","ABX","",""
"HF32","MMF.16S.123_HF32","5568","WD-ABX","WD","3","post_abx",13,0,0,0,"A1","C1",36599,31769,31592,"June_2021","ABX","",""
"HF33","MMF.16S.123_HF33","5569","WD-ABX","WD","3","post_abx",13,0,0,0,"A1","C1",17505,14729,14093,"June_2021","ABX","",""
"HF34","MMF.16S.123_HF34","5264","WD-ABX","WD","4","post_abx",13,0,0,0,"A1","C1",30196,25015,24691,"June_2021","ABX","",""
"HF35","MMF.16S.123_HF35","5265","WD-ABX","WD","4","post_abx",13,0,0,0,"A1","C1",16644,14350,14172,"June_2021","ABX","",""
"HF36","MMF.16S.123_HF36","5732","WD-ABX","WD","4","post_abx",13,0,0,0,"A1","C1",22552,18502,17981,"June_2021","ABX","",""
"HF37","MMF.16S.123_HF37","5735","RC-ABX","RC","1","rec_wk1",13.5,0.5,0.5,0,"A1","C1",39007,24103,23293,"June_2021","ABX","",""
"HF38","MMF.16S.123_HF38","5570","RC-ABX","RC","1","rec_wk1",13.5,0.5,0.5,0,"A1","C1",37176,24280,23112,"June_2021","ABX","",""
"HF39","MMF.16S.123_HF39","5571","RC-ABX","RC","1","rec_wk1",13.5,0.5,0.5,0,"A1","C1",10639,7346,7009,"June_2021","ABX","",""
"HF3","MMF.16S.123_HF3","5571","RC-ABX","RC","1","baseline",0,-13,-13,0,"A1","C1",145497,108458,96844,"June_2021","ABX","",""
"HF40","MMF.16S.123_HF40","5266","RC-ABX","RC","2","rec_wk1",13.5,0.5,0.5,0,"A1","C1",24946,13702,13215,"June_2021","ABX","",""
"HF41","MMF.16S.123_HF41","5267","RC-ABX","RC","2","rec_wk1",13.5,0.5,0.5,0,"A1","C1",27592,18138,17016,"June_2021","ABX","",""
"HF42","MMF.16S.123_HF42","5734","RC-ABX","RC","2","rec_wk1",13.5,0.5,0.5,0,"A1","C1",16465,10103,9773,"June_2021","ABX","",""
"HF43","MMF.16S.123_HF43","5264","WD-ABX","WD","4","rec_wk1",13.5,0.5,0.5,0,"A1","C1",32843,27376,27123,"June_2021","ABX","",""
"HF44","MMF.16S.123_HF44","5265","WD-ABX","WD","4","rec_wk1",13.5,0.5,0.5,0,"A1","C1",4368,3705,3656,"June_2021","ABX","",""
"HF45","MMF.16S.123_HF45","5732","WD-ABX","WD","4","rec_wk1",13.5,0.5,0.5,0,"A1","C1",28433,24923,24799,"June_2021","ABX","",""
"HF46","MMF.16S.123_HF46","5733","WD-ABX","WD","3","rec_wk1",13.5,0.5,0.5,0,"A1","C1",111930,94429,94065,"June_2021","ABX","",""
"HF47","MMF.16S.123_HF47","5568","WD-ABX","WD","3","rec_wk1",13.5,0.5,0.5,0,"A1","C1",177986,148831,141245,"June_2021","ABX","",""
"HF48","MMF.16S.123_HF48","5569","WD-ABX","WD","3","rec_wk1",13.5,0.5,0.5,0,"A1","C1",23479,21034,20821,"June_2021","ABX","",""
"HF49","MMF.16S.123_HF49","5735","RC-ABX","RC","1","rec_wk1",14,1,1,0,"A1","C1",26204,19154,18604,"June_2021","ABX","",""
"HF4","MMF.16S.123_HF4","5266","RC-ABX","RC","2","baseline",0,-13,-13,0,"A1","C1",310871,210708,191661,"June_2021","ABX","",""
"HF50","MMF.16S.123_HF50","5570","RC-ABX","RC","1","rec_wk1",14,1,1,0,"A1","C1",29648,20677,19596,"June_2021","ABX","",""
"HF51","MMF.16S.123_HF51","5571","RC-ABX","RC","1","rec_wk1",14,1,1,0,"A1","C1",50918,32514,31150,"June_2021","ABX","",""
"HF52","MMF.16S.123_HF52","5266","RC-ABX","RC","2","rec_wk1",14,1,1,0,"A1","C1",64799,36290,35102,"June_2021","ABX","",""
"HF53","MMF.16S.123_HF53","5267","RC-ABX","RC","2","rec_wk1",14,1,1,0,"A1","C1",8420,4536,4262,"June_2021","ABX","",""
"HF54","MMF.16S.123_HF54","5734","RC-ABX","RC","2","rec_wk1",14,1,1,0,"A1","C1",20604,15915,15535,"June_2021","ABX","",""
"HF55","MMF.16S.123_HF55","5264","WD-ABX","WD","4","rec_wk1",14,1,1,0,"A1","C1",333,278,260,"June_2021","ABX","",""
"HF56","MMF.16S.123_HF56","5265","WD-ABX","WD","4","rec_wk1",14,1,1,0,"A1","C1",14306,12245,12195,"June_2021","ABX","",""
"HF58","MMF.16S.123_HF58","5733","WD-ABX","WD","3","rec_wk1",14,1,1,0,"A1","C1",11239,10231,10170,"June_2021","ABX","",""
"HF59","MMF.16S.123_HF59","5568","WD-ABX","WD","3","rec_wk1",14,1,1,0,"A1","C1",28808,25202,24324,"June_2021","ABX","",""
"HF5","MMF.16S.123_HF5","5267","RC-ABX","RC","2","baseline",0,-13,-13,0,"A1","C1",80880,42701,38214,"June_2021","ABX","",""
"HF60","MMF.16S.123_HF60","5569","WD-ABX","WD","3","rec_wk1",14,1,1,0,"A1","C1",13946,12050,11996,"June_2021","ABX","",""
"HF61","MMF.16S.123_HF61","5735","RC-ABX","RC","1","rec_wk1",14.5,1.5,1.5,0,"A1","C1",13380,8602,8120,"June_2021","ABX","",""
"HF62","MMF.16S.123_HF62","5570","RC-ABX","RC","1","rec_wk1",14.5,1.5,1.5,0,"A1","C1",28862,19128,18229,"June_2021","ABX","",""
"HF63","MMF.16S.123_HF63","5571","RC-ABX","RC","1","rec_wk1",14.5,1.5,1.5,0,"A1","C1",16916,12440,12023,"June_2021","ABX","",""
"HF64","MMF.16S.123_HF64","5266","RC-ABX","RC","2","rec_wk1",14.5,1.5,1.5,0,"A1","C1",22442,14743,13860,"June_2021","ABX","",""
"HF65","MMF.16S.123_HF65","5267","RC-ABX","RC","2","rec_wk1",14.5,1.5,1.5,0,"A1","C1",20440,15584,15165,"June_2021","ABX","",""
"HF66","MMF.16S.123_HF66","5734","RC-ABX","RC","2","rec_wk1",14.5,1.5,1.5,0,"A1","C1",10854,8031,7718,"June_2021","ABX","",""
"HF6","MMF.16S.123_HF6","5734","RC-ABX","RC","2","baseline",0,-13,-13,0,"A1","C1",333589,220209,192264,"June_2021","ABX","",""
"HF7","MMF.16S.123_HF7","5733","WD-ABX","WD","3","baseline",0,-13,-13,0,"A1","C1",125504,98843,85846,"June_2021","ABX","",""
"HF8","MMF.16S.123_HF8","5568","WD-ABX","WD","3","baseline",0,-13,-13,0,"A1","C1",106456,78831,69691,"June_2021","ABX","",""
"HF100","MMF.16S.124_HF100","5266","RC-ABX","RC","2","rec_wk1",17,4,4,0,"A1","C1",38806,34161,29680,"June_2021","ABX","",""
"HF101","MMF.16S.124_HF101","5267","RC-ABX","RC","2","rec_wk1",17,4,4,0,"A1","C1",97875,80479,74836,"June_2021","ABX","",""
"HF102","MMF.16S.124_HF102","5734","RC-ABX","RC","2","rec_wk1",17,4,4,0,"A1","C1",80157,60832,55527,"June_2021","ABX","",""
"HF103","MMF.16S.124_HF103","5733","WD-ABX","WD","3","rec_wk1",17,4,4,0,"A1","C1",71309,67129,67005,"June_2021","ABX","",""
"HF104","MMF.16S.124_HF104","5568","WD-ABX","WD","3","rec_wk1",17,4,4,0,"A1","C1",31070,29565,29459,"June_2021","ABX","",""
"HF105","MMF.16S.124_HF105","5569","WD-ABX","WD","3","rec_wk1",17,4,4,0,"A1","C1",67425,62815,62528,"June_2021","ABX","",""
"HF106","MMF.16S.124_HF106","5264","WD-ABX","WD","4","rec_wk1",17,4,4,0,"A1","C1",50671,47757,47499,"June_2021","ABX","",""
"HF107","MMF.16S.124_HF107","5265","WD-ABX","WD","4","rec_wk1",17,4,4,0,"A1","C1",41319,39620,39508,"June_2021","ABX","",""
"HF108","MMF.16S.124_HF108","5732","WD-ABX","WD","4","rec_wk1",17,4,4,0,"A1","C1",78244,74465,74194,"June_2021","ABX","",""
"HF109","MMF.16S.124_HF109","5735","RC-ABX","RC","1","rec_wk1",18,5,5,0,"A1","C1",22037,18751,17211,"June_2021","ABX","",""
"HF110","MMF.16S.124_HF110","5570","RC-ABX","RC","1","rec_wk1",18,5,5,0,"A1","C1",47325,40103,37019,"June_2021","ABX","",""
"HF111","MMF.16S.124_HF111","5571","RC-ABX","RC","1","rec_wk1",18,5,5,0,"A1","C1",89706,76181,70242,"June_2021","ABX","",""
"HF112","MMF.16S.124_HF112","5266","RC-ABX","RC","2","rec_wk1",18,5,5,0,"A1","C1",80176,70412,64746,"June_2021","ABX","",""
"HF113","MMF.16S.124_HF113","5267","RC-ABX","RC","2","rec_wk1",18,5,5,0,"A1","C1",53319,47694,40291,"June_2021","ABX","",""
"HF114","MMF.16S.124_HF114","5734","RC-ABX","RC","2","rec_wk1",18,5,5,0,"A1","C1",108357,96550,83616,"June_2021","ABX","",""
"HF115","MMF.16S.124_HF115","5733","WD-ABX","WD","3","rec_wk1",18,5,5,0,"A1","C1",86576,81908,81420,"June_2021","ABX","",""
"HF116","MMF.16S.124_HF116","5568","WD-ABX","WD","3","rec_wk1",18,5,5,0,"A1","C1",30190,29206,29099,"June_2021","ABX","",""
"HF117","MMF.16S.124_HF117","5569","WD-ABX","WD","3","rec_wk1",18,5,5,0,"A1","C1",84886,80920,80632,"June_2021","ABX","",""
"HF118","MMF.16S.124_HF118","5264","WD-ABX","WD","4","rec_wk1",18,5,5,0,"A1","C1",34398,31929,31363,"June_2021","ABX","",""
"HF119","MMF.16S.124_HF119","5265","WD-ABX","WD","4","rec_wk1",18,5,5,0,"A1","C1",43875,41866,41752,"June_2021","ABX","",""
"HF120","MMF.16S.124_HF120","5732","WD-ABX","WD","4","rec_wk1",18,5,5,0,"A1","C1",1535,1457,1446,"June_2021","ABX","",""
"HF121","MMF.16S.124_HF121","5735","RC-ABX","RC","1","rec_wk1",19,6,6,0,"A1","C1",65038,57388,54180,"June_2021","ABX","",""
"HF122","MMF.16S.124_HF122","5570","RC-ABX","RC","1","rec_wk1",19,6,6,0,"A1","C1",35380,29217,27863,"June_2021","ABX","",""
"HF123","MMF.16S.124_HF123","5571","RC-ABX","RC","1","rec_wk1",19,6,6,0,"A1","C1",81165,67070,61530,"June_2021","ABX","",""
"HF124","MMF.16S.124_HF124","5266","RC-ABX","RC","2","rec_wk1",19,6,6,0,"A1","C1",13964,10937,10154,"June_2021","ABX","",""
"HF125","MMF.16S.124_HF125","5267","RC-ABX","RC","2","rec_wk1",19,6,6,0,"A1","C1",22509,18946,16510,"June_2021","ABX","",""
"HF126","MMF.16S.124_HF126","5734","RC-ABX","RC","2","rec_wk1",19,6,6,0,"A1","C1",111633,96315,84924,"June_2021","ABX","",""
"HF127","MMF.16S.124_HF127","5733","WD-ABX","WD","3","rec_wk1",19,6,6,0,"A1","C1",56392,53848,53671,"June_2021","ABX","",""
"HF128","MMF.16S.124_HF128","5568","WD-ABX","WD","3","rec_wk1",19,6,6,0,"A1","C1",59733,56985,56831,"June_2021","ABX","",""
"HF129","MMF.16S.124_HF129","5569","WD-ABX","WD","3","rec_wk1",19,6,6,0,"A1","C1",69912,65747,65618,"June_2021","ABX","",""
"HF131","MMF.16S.124_HF131","5265","WD-ABX","WD","4","rec_wk1",19,6,6,0,"A1","C1",44478,42432,42317,"June_2021","ABX","",""
"HF67","MMF.16S.124_HF67","5733","WD-ABX","WD","3","rec_wk1",14.5,1.5,1.5,0,"A1","C1",89340,84372,84123,"June_2021","ABX","",""
"HF68","MMF.16S.124_HF68","5568","WD-ABX","WD","3","rec_wk1",14.5,1.5,1.5,0,"A1","C1",38571,36144,35971,"June_2021","ABX","",""
"HF69","MMF.16S.124_HF69","5569","WD-ABX","WD","3","rec_wk1",14.5,1.5,1.5,0,"A1","C1",34384,32395,32294,"June_2021","ABX","",""
"HF70","MMF.16S.124_HF70","5264","WD-ABX","WD","4","rec_wk1",14.5,1.5,1.5,0,"A1","C1",62811,59267,58926,"June_2021","ABX","",""
"HF71","MMF.16S.124_HF71","5265","WD-ABX","WD","4","rec_wk1",14.5,1.5,1.5,0,"A1","C1",38678,33339,33157,"June_2021","ABX","",""
"HF72","MMF.16S.124_HF72","5732","WD-ABX","WD","4","rec_wk1",14.5,1.5,1.5,0,"A1","C1",73933,69986,69659,"June_2021","ABX","",""
"HF73","MMF.16S.124_HF73","5735","RC-ABX","RC","1","rec_wk1",15,2,2,0,"A1","C1",29112,24914,23910,"June_2021","ABX","",""
"HF74","MMF.16S.124_HF74","5570","RC-ABX","RC","1","rec_wk1",15,2,2,0,"A1","C1",127082,106438,104787,"June_2021","ABX","",""
"HF75","MMF.16S.124_HF75","5571","RC-ABX","RC","1","rec_wk1",15,2,2,0,"A1","C1",75887,63568,61857,"June_2021","ABX","",""
"HF76","MMF.16S.124_HF76","5266","RC-ABX","RC","2","rec_wk1",15,2,2,0,"A1","C1",72314,61831,58894,"June_2021","ABX","",""
"HF77","MMF.16S.124_HF77","5267","RC-ABX","RC","2","rec_wk1",15,2,2,0,"A1","C1",44377,37299,36685,"June_2021","ABX","",""
"HF78","MMF.16S.124_HF78","5734","RC-ABX","RC","2","rec_wk1",15,2,2,0,"A1","C1",79409,66520,65046,"June_2021","ABX","",""
"HF79","MMF.16S.124_HF79","5733","WD-ABX","WD","3","rec_wk1",15,2,2,0,"A1","C1",8410,6283,6265,"June_2021","ABX","",""
"HF80","MMF.16S.124_HF80","5568","WD-ABX","WD","3","rec_wk1",15,2,2,0,"A1","C1",95926,90554,90301,"June_2021","ABX","",""
"HF81","MMF.16S.124_HF81","5569","WD-ABX","WD","3","rec_wk1",15,2,2,0,"A1","C1",71683,68606,68320,"June_2021","ABX","",""
"HF82","MMF.16S.124_HF82","5264","WD-ABX","WD","4","rec_wk1",15,2,2,0,"A1","C1",95587,90673,90222,"June_2021","ABX","",""
"HF83","MMF.16S.124_HF83","5265","WD-ABX","WD","4","rec_wk1",15,2,2,0,"A1","C1",90909,86237,85901,"June_2021","ABX","",""
"HF84","MMF.16S.124_HF84","5732","WD-ABX","WD","4","rec_wk1",15,2,2,0,"A1","C1",54725,52013,51850,"June_2021","ABX","",""
"HF85","MMF.16S.124_HF85","5735","RC-ABX","RC","1","rec_wk1",16,3,3,0,"A1","C1",63544,57098,56836,"June_2021","ABX","",""
"HF86","MMF.16S.124_HF86","5570","RC-ABX","RC","1","rec_wk1",16,3,3,0,"A1","C1",80463,70178,70037,"June_2021","ABX","",""
"HF87","MMF.16S.124_HF87","5571","RC-ABX","RC","1","rec_wk1",16,3,3,0,"A1","C1",46450,40598,40543,"June_2021","ABX","",""
"HF88","MMF.16S.124_HF88","5266","RC-ABX","RC","2","rec_wk1",16,3,3,0,"A1","C1",54168,46935,46189,"June_2021","ABX","",""
"HF89","MMF.16S.124_HF89","5267","RC-ABX","RC","2","rec_wk1",16,3,3,0,"A1","C1",86134,76226,73203,"June_2021","ABX","",""
"HF90","MMF.16S.124_HF90","5734","RC-ABX","RC","2","rec_wk1",16,3,3,0,"A1","C1",69727,59514,56296,"June_2021","ABX","",""
"HF91","MMF.16S.124_HF91","5733","WD-ABX","WD","3","rec_wk1",16,3,3,0,"A1","C1",71065,66861,66715,"June_2021","ABX","",""
"HF92","MMF.16S.124_HF92","5568","WD-ABX","WD","3","rec_wk1",16,3,3,0,"A1","C1",55456,52596,52493,"June_2021","ABX","",""
"HF93","MMF.16S.124_HF93","5569","WD-ABX","WD","3","rec_wk1",16,3,3,0,"A1","C1",39781,37378,37118,"June_2021","ABX","",""
"HF94","MMF.16S.124_HF94","5264","WD-ABX","WD","4","rec_wk1",16,3,3,0,"A1","C1",53677,50102,50027,"June_2021","ABX","",""
"HF95","MMF.16S.124_HF95","5265","WD-ABX","WD","4","rec_wk1",16,3,3,0,"A1","C1",90454,86361,85980,"June_2021","ABX","",""
"HF96","MMF.16S.124_HF96","5732","WD-ABX","WD","4","rec_wk1",16,3,3,0,"A1","C1",46909,44084,43953,"June_2021","ABX","",""
"HF97","MMF.16S.124_HF97","5735","RC-ABX","RC","1","rec_wk1",17,4,4,0,"A1","C1",99076,88760,84244,"June_2021","ABX","",""
"HF98","MMF.16S.124_HF98","5570","RC-ABX","RC","1","rec_wk1",17,4,4,0,"A1","C1",33469,29898,26766,"June_2021","ABX","",""
"HF99","MMF.16S.124_HF99","5571","RC-ABX","RC","1","rec_wk1",17,4,4,0,"A1","C1",67957,60972,56903,"June_2021","ABX","",""
"HF132","MMF.16S.133_HF132","5732","WD-ABX","WD","4","rec_wk1",19,6,6,0,"A1","C1",30394,28910,21722,"June_2021","ABX","",""
"HF133","MMF.16S.133_HF133","5735","RC-ABX","RC","1","rec_wk1",20,7,7,0,"A1","C1",30339,28010,24437,"June_2021","ABX","",""
"HF134","MMF.16S.133_HF134","5570","RC-ABX","RC","1","rec_wk1",20,7,7,0,"A1","C1",45526,40434,34556,"June_2021","ABX","",""
"HF135","MMF.16S.133_HF135","5571","RC-ABX","RC","1","rec_wk1",20,7,7,0,"A1","C1",44068,39467,30873,"June_2021","ABX","",""
"HF136","MMF.16S.133_HF136","5266","RC-ABX","RC","2","rec_wk1",20,7,7,0,"A1","C1",32124,29156,25676,"June_2021","ABX","",""
"HF137","MMF.16S.133_HF137","5267","RC-ABX","RC","2","rec_wk1",20,7,7,0,"A1","C1",29503,25816,22694,"June_2021","ABX","",""
"HF138","MMF.16S.133_HF138","5734","RC-ABX","RC","2","rec_wk1",20,7,7,0,"A1","C1",8477,6767,5804,"June_2021","ABX","",""
"HF139","MMF.16S.133_HF139","5733","WD-ABX","WD","3","rec_wk1",20,7,7,0,"A1","C1",49311,46846,45940,"June_2021","ABX","",""
"HF140","MMF.16S.133_HF140","5568","WD-ABX","WD","3","rec_wk1",20,7,7,0,"A1","C1",61188,58218,56536,"June_2021","ABX","",""
"HF141","MMF.16S.133_HF141","5569","WD-ABX","WD","3","rec_wk1",20,7,7,0,"A1","C1",36726,35001,34754,"June_2021","ABX","",""
"HF142","MMF.16S.133_HF142","5264","WD-ABX","WD","4","rec_wk1",20,7,7,0,"A1","C1",47147,45463,45071,"June_2021","ABX","",""
"HF143","MMF.16S.133_HF143","5265","WD-ABX","WD","4","rec_wk1",20,7,7,0,"A1","C1",21767,20943,20761,"June_2021","ABX","",""
"HF144","MMF.16S.133_HF144","5732","WD-ABX","WD","4","rec_wk1",20,7,7,0,"A1","C1",77567,74291,72850,"June_2021","ABX","",""
"HF145","MMF.16S.133_HF145","5735","RC-ABX","RC","1","rec_wk1",21,8,8,0,"A1","C1",30901,27321,24702,"June_2021","ABX","",""
"HF146","MMF.16S.133_HF146","5570","RC-ABX","RC","1","rec_wk1",21,8,8,0,"A1","C1",75556,63972,55103,"June_2021","ABX","",""
"HF147","MMF.16S.133_HF147","5571","RC-ABX","RC","1","rec_wk1",21,8,8,0,"A1","C1",20461,18328,14263,"June_2021","ABX","",""
"HF148","MMF.16S.133_HF148","5266","RC-ABX","RC","2","rec_wk1",21,8,8,0,"A1","C1",48605,45032,40085,"June_2021","ABX","",""
"HF149","MMF.16S.133_HF149","5267","RC-ABX","RC","2","rec_wk1",21,8,8,0,"A1","C1",64036,58068,51592,"June_2021","ABX","",""
"HF150","MMF.16S.133_HF150","5734","RC-ABX","RC","2","rec_wk1",21,8,8,0,"A1","C1",54401,49132,44677,"June_2021","ABX","",""
"HF151","MMF.16S.133_HF151","5733","WD-ABX","WD","3","rec_wk1",21,8,8,0,"A1","C1",34824,33102,32231,"June_2021","ABX","",""
"HF152","MMF.16S.133_HF152","5568","WD-ABX","WD","3","rec_wk1",21,8,8,0,"A1","C1",19103,18196,17659,"June_2021","ABX","",""
"HF153","MMF.16S.133_HF153","5569","WD-ABX","WD","3","rec_wk1",21,8,8,0,"A1","C1",35393,33308,32993,"June_2021","ABX","",""
"HF154","MMF.16S.133_HF154","5264","WD-ABX","WD","4","rec_wk1",21,8,8,0,"A1","C1",39314,37909,37115,"June_2021","ABX","",""
"HF155","MMF.16S.133_HF155","5265","WD-ABX","WD","4","rec_wk1",21,8,8,0,"A1","C1",24595,22078,21726,"June_2021","ABX","",""
"HF156","MMF.16S.133_HF156","5732","WD-ABX","WD","4","rec_wk1",21,8,8,0,"A1","C1",61117,58635,56955,"June_2021","ABX","",""
"HF157","MMF.16S.133_HF157","5735","RC-ABX","RC","1","rec_wk2",24,11,11,0,"A1","C1",12065,10705,8760,"June_2021","ABX","",""
"HF158","MMF.16S.133_HF158","5570","RC-ABX","RC","1","rec_wk2",24,11,11,0,"A1","C1",35476,31704,28877,"June_2021","ABX","",""
"HF159","MMF.16S.133_HF159","5571","RC-ABX","RC","1","rec_wk2",24,11,11,0,"A1","C1",33329,30046,23312,"June_2021","ABX","",""
"HF160","MMF.16S.133_HF160","5266","RC-ABX","RC","2","rec_wk2",24,11,11,0,"A1","C1",174961,156526,149086,"June_2021","ABX","",""
"HF161","MMF.16S.133_HF161","5267","RC-ABX","RC","2","rec_wk2",24,11,11,0,"A1","C1",39955,35127,31648,"June_2021","ABX","",""
"HF162","MMF.16S.133_HF162","5734","RC-ABX","RC","2","rec_wk2",24,11,11,0,"A1","C1",60213,53686,48798,"June_2021","ABX","",""
"HF163","MMF.16S.133_HF163","5733","WD-ABX","WD","3","rec_wk2",24,11,11,0,"A1","C1",13970,12823,11813,"June_2021","ABX","",""
"HF164","MMF.16S.133_HF164","5568","WD-ABX","WD","3","rec_wk2",24,11,11,0,"A1","C1",43808,39823,36308,"June_2021","ABX","",""
"HF165","MMF.16S.133_HF165","5569","WD-ABX","WD","3","rec_wk2",24,11,11,0,"A1","C1",37664,33869,31802,"June_2021","ABX","",""
"HF166","MMF.16S.133_HF166","5264","WD-ABX","WD","4","rec_wk2",24,11,11,0,"A1","C1",26383,24526,23686,"June_2021","ABX","",""
"HF167","MMF.16S.133_HF167","5265","WD-ABX","WD","4","rec_wk2",24,11,11,0,"A1","C1",39267,37728,36984,"June_2021","ABX","",""
"HF168","MMF.16S.133_HF168","5732","WD-ABX","WD","4","rec_wk2",24,11,11,0,"A1","C1",11398,10405,9904,"June_2021","ABX","",""
"HF169","MMF.16S.133_HF169","5735","RC-ABX","RC","1","rec_wk2",26,13,13,0,"A1","C1",40948,35894,32429,"June_2021","ABX","",""
"HF170","MMF.16S.133_HF170","5570","RC-ABX","RC","1","rec_wk2",26,13,13,0,"A1","C1",48039,40300,34808,"June_2021","ABX","",""
"HF171","MMF.16S.133_HF171","5571","RC-ABX","RC","1","rec_wk2",26,13,13,0,"A1","C1",60700,53405,46206,"June_2021","ABX","",""
"HF172","MMF.16S.133_HF172","5266","RC-ABX","RC","2","rec_wk2",26,13,13,0,"A1","C1",25956,23791,19877,"June_2021","ABX","",""
"HF173","MMF.16S.133_HF173","5267","RC-ABX","RC","2","rec_wk2",26,13,13,0,"A1","C1",72747,66233,58721,"June_2021","ABX","",""
"HF174","MMF.16S.133_HF174","5734","RC-ABX","RC","2","rec_wk2",26,13,13,0,"A1","C1",48870,44148,38413,"June_2021","ABX","",""
"HF175","MMF.16S.133_HF175","5733","WD-ABX","WD","3","rec_wk2",26,13,13,0,"A1","C1",18215,17080,15995,"June_2021","ABX","",""
"HF176","MMF.16S.133_HF176","5568","WD-ABX","WD","3","rec_wk2",26,13,13,0,"A1","C1",45071,41352,38797,"June_2021","ABX","",""
"HF177","MMF.16S.133_HF177","5569","WD-ABX","WD","3","rec_wk2",26,13,13,0,"A1","C1",22788,20387,19085,"June_2021","ABX","",""
"HF178","MMF.16S.133_HF178","5264","WD-ABX","WD","4","rec_wk2",26,13,13,0,"A1","C1",19909,18492,17858,"June_2021","ABX","",""
"HF179","MMF.16S.133_HF179","5265","WD-ABX","WD","4","rec_wk2",26,13,13,0,"A1","C1",695,651,629,"June_2021","ABX","",""
"HF180","MMF.16S.133_HF180","5732","WD-ABX","WD","4","rec_wk2",26,13,13,0,"A1","C1",22013,20509,19708,"June_2021","ABX","",""
"HF181","MMF.16S.133_HF181","5735","RC-ABX","RC","1","rec_wk2",28,15,14,0,"A1","C1",15349,13603,11819,"June_2021","ABX","",""
"HF182","MMF.16S.133_HF182","5570","RC-ABX","RC","1","rec_wk2",28,15,14,0,"A1","C1",51156,45516,38062,"June_2021","ABX","",""
"HF183","MMF.16S.133_HF183","5571","RC-ABX","RC","1","rec_wk2",28,15,14,0,"A1","C1",9982,7818,6985,"June_2021","ABX","",""
"HF184","MMF.16S.133_HF184","5266","RC-ABX","RC","2","rec_wk2",28,15,14,0,"A1","C1",12244,10976,9034,"June_2021","ABX","",""
"HF185","MMF.16S.133_HF185","5267","RC-ABX","RC","2","rec_wk2",28,15,14,0,"A1","C1",55071,50082,40721,"June_2021","ABX","",""
"HF186","MMF.16S.133_HF186","5734","RC-ABX","RC","2","rec_wk2",28,15,14,0,"A1","C1",33462,30794,27601,"June_2021","ABX","",""
"HF187","MMF.16S.133_HF187","5733","WD-ABX","WD","3","rec_wk2",28,15,14,0,"A1","C1",53589,49868,43953,"June_2021","ABX","",""
"HF188","MMF.16S.133_HF188","5568","WD-ABX","WD","3","rec_wk2",28,15,14,0,"A1","C1",29644,25260,24737,"June_2021","ABX","",""
"HF189","MMF.16S.133_HF189","5569","WD-ABX","WD","3","rec_wk2",28,15,14,0,"A1","C1",15207,14091,12914,"June_2021","ABX","",""
"HF190","MMF.16S.133_HF190","5264","WD-ABX","WD","4","rec_wk2",28,15,14,0,"A1","C1",48889,45132,42851,"June_2021","ABX","",""
"HF191","MMF.16S.133_HF191","5265","WD-ABX","WD","4","rec_wk2",28,15,14,0,"A1","C1",31313,28772,27993,"June_2021","ABX","",""
"HF192","MMF.16S.133_HF192","5732","WD-ABX","WD","4","rec_wk2",28,15,14,0,"A1","C1",32258,29368,28819,"June_2021","ABX","",""
"HF193","MMF.16S.150_HF193","5735","RC-ABX","RC","1","rec_wk3",31,18,18,0,"A1","C1",42010,37286,24511,"Sep_2021","ABX","",""
"HF194","MMF.16S.150_HF194","5570","RC-ABX","RC","1","rec_wk3",31,18,18,0,"A1","C1",13655,11823,7661,"Sep_2021","ABX","",""
"HF196","MMF.16S.150_HF196","5266","RC-ABX","RC","2","rec_wk3",31,18,18,0,"A1","C1",47137,42714,30231,"Sep_2021","ABX","",""
"HF197","MMF.16S.150_HF197","5267","RC-ABX","RC","2","rec_wk3",31,18,18,0,"A1","C1",27330,24963,18753,"Sep_2021","ABX","",""
"HF199","MMF.16S.150_HF199","5733","WD-ABX","WD","3","rec_wk3",31,18,18,0,"A1","C1",10077,9319,8599,"Sep_2021","ABX","",""
"HF200","MMF.16S.150_HF200","5568","WD-ABX","WD","3","rec_wk3",31,18,18,0,"A1","C1",44984,42388,38159,"Sep_2021","ABX","",""
"HF202","MMF.16S.150_HF202","5264","WD-ABX","WD","4","rec_wk3",31,18,18,0,"A1","C1",2036,1908,1635,"Sep_2021","ABX","",""
"HF203","MMF.16S.150_HF203","5265","WD-ABX","WD","4","rec_wk3",31,18,18,0,"A1","C1",29824,28009,23680,"Sep_2021","ABX","",""
"HF205","MMF.16S.150_HF205","5735","RC-ABX","RC","1","rec_wk3",35,22,22,0,"A1","C1",21828,19420,12831,"Sep_2021","ABX","",""
"HF206","MMF.16S.150_HF206","5570","RC-ABX","RC","1","rec_wk3",35,22,22,0,"A1","C1",20966,18164,12431,"Sep_2021","ABX","",""
"HF208","MMF.16S.150_HF208","5266","RC-ABX","RC","2","rec_wk3",35,22,22,0,"A1","C1",57654,49067,31087,"Sep_2021","ABX","",""
"HF209","MMF.16S.150_HF209","5267","RC-ABX","RC","2","rec_wk3",35,22,22,0,"A1","C1",17055,15560,12235,"Sep_2021","ABX","",""
"HF211","MMF.16S.150_HF211","5733","WD-ABX","WD","3","rec_wk3",35,22,22,0,"A1","C1",9035,8537,7576,"Sep_2021","ABX","",""
"HF212","MMF.16S.150_HF212","5568","WD-ABX","WD","3","rec_wk3",35,22,22,0,"A1","C1",57282,52586,46447,"Sep_2021","ABX","",""
"HF214","MMF.16S.150_HF214","5264","WD-ABX","WD","4","rec_wk3",35,22,22,0,"A1","C1",21134,14497,13209,"Sep_2021","ABX","",""
"HF215","MMF.16S.150_HF215","5265","WD-ABX","WD","4","rec_wk3",35,22,22,0,"A1","C1",25368,24144,23024,"Sep_2021","ABX","",""
"HF217","MMF.16S.150_HF217","5735","RC-ABX","RC","1","rec_wk4",42,29,28,0,"A1","C1",6574,6034,4768,"Sep_2021","ABX","",""
"HF218","MMF.16S.150_HF218","5570","RC-ABX","RC","1","rec_wk4",42,29,28,0,"A1","C1",11554,10680,6799,"Sep_2021","ABX","",""
"HF220","MMF.16S.150_HF220","5266","RC-ABX","RC","2","rec_wk4",42,29,28,0,"A1","C1",25159,22320,15915,"Sep_2021","ABX","",""
"HF221","MMF.16S.150_HF221","5267","RC-ABX","RC","2","rec_wk4",42,29,28,0,"A1","C1",68315,60752,36629,"Sep_2021","ABX","",""
"HF223","MMF.16S.150_HF223","5733","WD-ABX","WD","3","rec_wk4",42,29,28,0,"A1","C1",32185,30002,28803,"Sep_2021","ABX","",""
"HF224","MMF.16S.150_HF224","5568","WD-ABX","WD","3","rec_wk4",42,29,28,0,"A1","C1",31500,29964,27669,"Sep_2021","ABX","",""
"HF226","MMF.16S.150_HF226","5264","WD-ABX","WD","4","rec_wk4",42,29,28,0,"A1","C1",44228,41668,36663,"Sep_2021","ABX","",""
"HF227","MMF.16S.150_HF227","5265","WD-ABX","WD","4","rec_wk4",42,29,28,0,"A1","C1",84240,79707,72396,"Sep_2021","ABX","",""
"HF229","MMF.16S.150_HF229","5735","RC-ABX","RC","1","rec_wk5",49,36,36,0,"A1","C1",18300,16555,12366,"Sep_2021","ABX","",""
"HF230","MMF.16S.150_HF230","5570","RC-ABX","RC","1","rec_wk5",49,36,36,0,"A1","C1",77816,71055,47062,"Sep_2021","ABX","",""
"HF232","MMF.16S.150_HF232","5266","RC-ABX","RC","2","rec_wk5",49,36,36,0,"A1","C1",24359,21121,14507,"Sep_2021","ABX","",""
"HF233","MMF.16S.150_HF233","5267","RC-ABX","RC","2","rec_wk5",49,36,36,0,"A1","C1",6975,6423,5073,"Sep_2021","ABX","",""
"HF235","MMF.16S.150_HF235","5733","WD-ABX","WD","3","rec_wk5",49,36,36,0,"A1","C1",665,626,566,"Sep_2021","ABX","",""
"HF236","MMF.16S.150_HF236","5568","WD-ABX","WD","3","rec_wk5",49,36,36,0,"A1","C1",32091,30415,27996,"Sep_2021","ABX","",""
"HF238","MMF.16S.150_HF238","5264","WD-ABX","WD","4","rec_wk5",49,36,36,0,"A1","C1",18248,16856,14695,"Sep_2021","ABX","",""
"HF239","MMF.16S.150_HF239","5265","WD-ABX","WD","4","rec_wk5",49,36,36,0,"A1","C1",24035,22625,20791,"Sep_2021","ABX","",""
"HF253","MMF.16S.150_HF253","5735","RC-ABX","RC","1","rec_wk7",63,50,50,0,"A1","C1",1691,1130,867,"Sep_2021","ABX","",""
"HF254","MMF.16S.150_HF254","5570","RC-ABX","RC","1","rec_wk7",63,50,50,0,"A1","C1",7761,7011,4714,"Sep_2021","ABX","",""
"HF256","MMF.16S.150_HF256","5266","RC-ABX","RC","2","rec_wk7",63,50,50,0,"A1","C1",63270,57858,40875,"Sep_2021","ABX","",""
"HF257","MMF.16S.150_HF257","5267","RC-ABX","RC","2","rec_wk7",63,50,50,0,"A1","C1",27210,25272,19042,"Sep_2021","ABX","",""
"HF259","MMF.16S.150_HF259","5733","WD-ABX","WD","3","rec_wk7",63,50,50,0,"A1","C1",77839,73084,63560,"Sep_2021","ABX","",""
"HF260","MMF.16S.150_HF260","5568","WD-ABX","WD","3","rec_wk7",63,50,50,0,"A1","C1",15528,8242,7533,"Sep_2021","ABX","",""
"HF262","MMF.16S.150_HF262","5264","WD-ABX","WD","4","rec_wk7",63,50,50,0,"A1","C1",4167,3946,3250,"Sep_2021","ABX","",""
"HF263","MMF.16S.150_HF263","5265","WD-ABX","WD","4","rec_wk7",63,50,50,0,"A1","C1",50516,47371,40210,"Sep_2021","ABX","",""
"HF283","MMF.16S.150_HF283","5735","RC-ABX","RC","1","rec_wk9",77,64,64,0,"A1","C1",42813,39950,30571,"Sep_2021","ABX","",""
"HF291","MMF.16S.150_HF291","5570","RC-ABX","RC","1","rec_wk9",77,64,64,0,"A1","C1",23368,21864,16541,"Sep_2021","ABX","",""
"HF307","MMF.16S.150_HF307","5266","RC-ABX","RC","2","rec_wk9",77,64,64,0,"A1","C1",10807,9890,8108,"Sep_2021","ABX","",""
"HF315","MMF.16S.150_HF315","5267","RC-ABX","RC","2","rec_wk9",77,64,64,0,"A1","C1",39586,36463,27240,"Sep_2021","ABX","",""
"HF331","MMF.16S.150_HF331","5733","WD-ABX","WD","3","rec_wk9",77,64,64,0,"A1","C1",7994,6988,6235,"Sep_2021","ABX","",""
"HF339","MMF.16S.150_HF339","5568","WD-ABX","WD","3","rec_wk9",77,64,64,0,"A1","C1",15031,14096,12118,"Sep_2021","ABX","",""
"HF355","MMF.16S.150_HF355","5264","WD-ABX","WD","4","rec_wk9",77,64,64,0,"A1","C1",12900,12115,10715,"Sep_2021","ABX","",""
"HF363","MMF.16S.150_HF363","5265","WD-ABX","WD","4","rec_wk9",77,64,64,0,"A1","C1",13865,13065,11918,"Sep_2021","ABX","",""
"HF1004","MMF.16S.191_HF1004","1999","RC-ABX","RC","6072207","baseline",21,-31,-31,4,"A1","C3",63897,54060,45892,"Jan_2022","ABX","",""
"HF405","MMF.16S.191_HF405","1946","WD-ABX","WD","6067917","baseline",21,-31,-31,4,"A1","C2",53220,45616,40597,"Jan_2022","ABX","",""
"HF411","MMF.16S.191_HF411","1953","RC-ABX","RC","6067919","baseline",21,-31,-31,4,"A1","C2",7654,6452,4431,"Jan_2022","ABX","",""
"HF417","MMF.16S.191_HF417","1958","WD-PBS","WD","5893645","baseline",21,-31,-31,4,"A1","C2",18679,15910,12941,"Jan_2022","PBS","",""
"HF423","MMF.16S.191_HF423","1964","RC-PBS","RC","5893647","baseline",21,-31,-31,4,"A1","C2",84148,68937,58765,"Jan_2022","PBS","",""
"HF448","MMF.16S.191_HF448","1945","WD-ABX","WD","6067916","pre_abx",49,-3,-3,1,"A1","C2",12600,8574,7485,"Jan_2022","ABX","",""
"HF452","MMF.16S.191_HF452","1947","WD-ABX","WD","6067917","pre_abx",49,-3,-3,1,"A1","C2",143879,122519,108241,"Jan_2022","ABX","",""
"HF453","MMF.16S.191_HF453","1946","WD-ABX","WD","6067917","pre_abx",49,-3,-3,4,"A1","C2",105731,91254,78302,"Jan_2022","ABX","",""
"HF454","MMF.16S.191_HF454","1951","RC-ABX","RC","6067918","pre_abx",49,-3,-3,1,"A1","C2",64691,54167,42041,"Jan_2022","ABX","",""
"HF458","MMF.16S.191_HF458","1952","RC-ABX","RC","6067919","pre_abx",49,-3,-3,1,"A1","C2",79636,69659,59020,"Jan_2022","ABX","",""
"HF459","MMF.16S.191_HF459","1953","RC-ABX","RC","6067919","pre_abx",49,-3,-3,4,"A1","C2",30345,24138,20993,"Jan_2022","ABX","",""
"HF460","MMF.16S.191_HF460","1957","WD-PBS","WD","6067920","pre_abx",49,-3,-3,1,"A1","C2",70861,59090,49376,"Jan_2022","PBS","",""
"HF464","MMF.16S.191_HF464","1959","WD-PBS","WD","5893645","pre_abx",49,-3,-3,1,"A1","C2",46242,36881,32352,"Jan_2022","PBS","",""
"HF465","MMF.16S.191_HF465","1958","WD-PBS","WD","5893645","pre_abx",49,-3,-3,4,"A1","C2",89563,76085,68516,"Jan_2022","PBS","",""
"HF466","MMF.16S.191_HF466","1962","RC-PBS","RC","5893646","pre_abx",49,-3,-3,1,"A1","C2",8989,7792,5836,"Jan_2022","PBS","",""
"HF470","MMF.16S.191_HF470","1965","RC-PBS","RC","5893647","pre_abx",49,-3,-3,1,"A1","C2",87270,78177,66606,"Jan_2022","PBS","",""
"HF471","MMF.16S.191_HF471","1964","RC-PBS","RC","5893647","pre_abx",49,-3,-3,4,"A1","C2",14050,11860,9665,"Jan_2022","PBS","",""
"HF472","MMF.16S.191_HF472","1943","WD-ABX","WD","6067916","post_abx",52,0,0,2,"A1","C2",35497,32894,32697,"Jan_2022","ABX","",""
"HF474","MMF.16S.191_HF474","1944","WD-ABX","WD","6067917","post_abx",52,0,0,2,"A1","C2",58271,55258,55100,"Jan_2022","ABX","",""
"HF475","MMF.16S.191_HF475","1946","WD-ABX","WD","6067917","post_abx",52,0,0,4,"A1","C2",6412,6016,5976,"Jan_2022","ABX","",""
"HF476","MMF.16S.191_HF476","1949","RC-ABX","RC","6067918","post_abx",52,0,0,2,"A1","C2",9134,7761,7649,"Jan_2022","ABX","",""
"HF478","MMF.16S.191_HF478","1950","RC-ABX","RC","6067919","post_abx",52,0,0,2,"A1","C2",2349,2125,2075,"Jan_2022","ABX","",""
"HF479","MMF.16S.191_HF479","1953","RC-ABX","RC","6067919","post_abx",52,0,0,4,"A1","C2",443,366,308,"Jan_2022","ABX","",""
"HF480","MMF.16S.191_HF480","1956","WD-PBS","WD","6067920","post_abx",52,0,0,2,"A1","C2",89821,76417,63547,"Jan_2022","PBS","",""
"HF482","MMF.16S.191_HF482","1955","WD-PBS","WD","5893645","post_abx",52,0,0,2,"A1","C2",18806,16168,14585,"Jan_2022","PBS","",""
"HF483","MMF.16S.191_HF483","1958","WD-PBS","WD","5893645","post_abx",52,0,0,4,"A1","C2",41110,35695,32047,"Jan_2022","PBS","",""
"HF484","MMF.16S.191_HF484","1960","RC-PBS","RC","5893646","post_abx",52,0,0,2,"A1","C2",19454,16969,13995,"Jan_2022","PBS","",""
"HF486","MMF.16S.191_HF486","1961","RC-PBS","RC","5893647","post_abx",52,0,0,2,"A1","C2",43122,35024,28535,"Jan_2022","PBS","",""
"HF487","MMF.16S.191_HF487","1964","RC-PBS","RC","5893647","post_abx",52,0,0,4,"A1","C2",48401,39546,37329,"Jan_2022","PBS","",""
"HF489","MMF.16S.191_HF489","1946","WD-ABX","WD","6067917","rec_wk1",53,1,1,4,"A1","C2",25210,23283,23078,"Jan_2022","ABX","",""
"HF491","MMF.16S.191_HF491","1953","RC-ABX","RC","6067918","rec_wk1",53,1,1,4,"A1","C2",7583,6684,6591,"Jan_2022","ABX","",""
"HF497","MMF.16S.191_HF497","1946","WD-ABX","WD","6067917","rec_wk1",54,2,2,4,"A1","C2",34004,31423,31216,"Jan_2022","ABX","",""
"HF499","MMF.16S.191_HF499","1953","RC-ABX","RC","6067918","rec_wk1",54,2,2,4,"A1","C2",58531,52945,49636,"Jan_2022","ABX","",""
"HF505","MMF.16S.191_HF505","1946","WD-ABX","WD","6067917","rec_wk1",55,3,3,4,"A1","C2",18674,17956,17912,"Jan_2022","ABX","",""
"HF507","MMF.16S.191_HF507","1953","RC-ABX","RC","6067918","rec_wk1",55,3,3,4,"A1","C2",106166,98207,95777,"Jan_2022","ABX","",""
"HF513","MMF.16S.191_HF513","1946","WD-ABX","WD","6067917","rec_wk1",56,4,4,4,"A1","C2",3334,3136,3123,"Jan_2022","ABX","",""
"HF515","MMF.16S.191_HF515","1953","RC-ABX","RC","6067918","rec_wk1",56,4,4,4,"A1","C2",61023,54301,53690,"Jan_2022","ABX","",""
"HF521","MMF.16S.191_HF521","1946","WD-ABX","WD","6067917","rec_wk1",57,5,5,4,"A1","C2",29283,27805,27677,"Jan_2022","ABX","",""
"HF523","MMF.16S.191_HF523","1953","RC-ABX","RC","6067918","rec_wk1",57,5,5,4,"A1","C2",96665,86566,82706,"Jan_2022","ABX","",""
"HF537","MMF.16S.191_HF537","1946","WD-ABX","WD","6067917","rec_wk1",59,7,7,4,"A1","C2",105491,100960,98959,"Jan_2022","ABX","",""
"HF539","MMF.16S.191_HF539","1953","RC-ABX","RC","6067918","rec_wk1",59,7,7,4,"A1","C2",88372,80273,74053,"Jan_2022","ABX","",""
"HF541","MMF.16S.191_HF541","1958","WD-PBS","WD","5893645","rec_wk1",59,7,7,4,"A1","C2",89281,78895,68988,"Jan_2022","PBS","",""
"HF543","MMF.16S.191_HF543","1964","RC-PBS","RC","5893646","rec_wk1",59,7,7,4,"A1","C2",30028,26453,23293,"Jan_2022","PBS","",""
"HF545","MMF.16S.191_HF545","1946","WD-ABX","WD","6067917","rec_wk2",60,8,8,4,"A1","C2",54035,50920,50198,"Jan_2022","ABX","",""
"HF547","MMF.16S.191_HF547","1953","RC-ABX","RC","6067918","rec_wk2",60,8,8,4,"A1","C2",20679,17090,15773,"Jan_2022","ABX","",""
"HF553","MMF.16S.191_HF553","1946","WD-ABX","WD","6067917","rec_wk2",63,11,11,4,"A1","C2",31429,29582,29134,"Jan_2022","ABX","",""
"HF555","MMF.16S.191_HF555","1953","RC-ABX","RC","6067918","rec_wk2",63,11,11,4,"A1","C2",734,636,558,"Jan_2022","ABX","",""
"HF561","MMF.16S.191_HF561","1946","WD-ABX","WD","6067917","rec_wk2",66,14,14,4,"A1","C2",129788,123311,120674,"Jan_2022","ABX","",""
"HF563","MMF.16S.191_HF563","1953","RC-ABX","RC","6067918","rec_wk2",66,14,14,4,"A1","C2",231249,188858,167048,"Jan_2022","ABX","",""
"HF565","MMF.16S.191_HF565","1958","WD-PBS","WD","5893645","rec_wk2",66,14,14,4,"A1","C2",345834,285731,261660,"Jan_2022","PBS","",""
"HF567","MMF.16S.191_HF567","1964","RC-PBS","RC","5893646","rec_wk2",66,14,14,4,"A1","C2",34766,28825,24141,"Jan_2022","PBS","",""
"HF568","MMF.16S.191_HF568","1942","WD-ABX","WD","6067917","rec_wk2",67,15,14,3,"A1","C2",10907,10034,9956,"Jan_2022","ABX","",""
"HF570","MMF.16S.191_HF570","1948","RC-ABX","RC","6067918","rec_wk2",67,15,14,3,"A1","C2",103682,88313,77403,"Jan_2022","ABX","",""
"HF574","MMF.16S.191_HF574","1963","RC-PBS","RC","5893646","rec_wk2",67,15,14,3,"A1","C2",90127,79861,61989,"Jan_2022","PBS","",""
"HF576","MMF.16S.191_HF576","1946","WD-ABX","WD","6067917","rec_wk3",68,16,16,4,"A1","C2",33777,32134,31411,"Jan_2022","ABX","",""
"HF577","MMF.16S.191_HF577","1953","RC-ABX","RC","6067918","rec_wk3",68,16,16,4,"A1","C2",51998,42756,40006,"Jan_2022","ABX","",""
"HF580","MMF.16S.191_HF580","1946","WD-ABX","WD","6067917","rec_wk3",70,18,18,4,"A1","C2",6168,5880,5796,"Jan_2022","ABX","",""
"HF581","MMF.16S.191_HF581","1953","RC-ABX","RC","6067918","rec_wk3",70,18,18,4,"A1","C2",37361,31725,26867,"Jan_2022","ABX","",""
"HF584","MMF.16S.191_HF584","1946","WD-ABX","WD","6067917","rec_wk4",73,21,21,4,"A1","C2",25267,23456,23055,"Jan_2022","ABX","",""
"HF585","MMF.16S.191_HF585","1953","RC-ABX","RC","6067918","rec_wk4",73,21,21,4,"A1","C2",17083,14985,13191,"Jan_2022","ABX","",""
"HF586","MMF.16S.191_HF586","1958","WD-PBS","WD","5893645","rec_wk4",73,21,21,4,"A1","C2",33455,28781,25994,"Jan_2022","PBS","",""
"HF587","MMF.16S.191_HF587","1964","RC-PBS","RC","5893646","rec_wk4",73,21,21,4,"A1","C2",55336,48608,43937,"Jan_2022","PBS","",""
"HF588","MMF.16S.191_HF588","1946","WD-ABX","WD","6067917","rec_wk4",75,23,23,4,"A1","C2",10541,9494,9033,"Jan_2022","ABX","",""
"HF589","MMF.16S.191_HF589","1953","RC-ABX","RC","6067918","rec_wk4",75,23,23,4,"A1","C2",10481,9265,8569,"Jan_2022","ABX","",""
"HF592","MMF.16S.191_HF592","1946","WD-ABX","WD","6067917","rec_wk4",77,25,25,4,"A1","C2",47267,42488,40559,"Jan_2022","ABX","",""
"HF593","MMF.16S.191_HF593","1953","RC-ABX","RC","6067918","rec_wk4",77,25,25,4,"A1","C2",6225,5119,4304,"Jan_2022","ABX","",""
"HF596","MMF.16S.191_HF596","1946","WD-ABX","WD","6067917","rec_wk4",79,27,28,4,"A1","C2",36101,29608,27055,"Jan_2022","ABX","",""
"HF597","MMF.16S.191_HF597","1953","RC-ABX","RC","6067918","rec_wk4",79,27,28,4,"A1","C2",43706,37598,30015,"Jan_2022","ABX","",""
"HF598","MMF.16S.191_HF598","1958","WD-PBS","WD","5893645","rec_wk4",79,27,28,4,"A1","C2",32350,27382,21665,"Jan_2022","PBS","",""
"HF599","MMF.16S.191_HF599","1964","RC-PBS","RC","5893646","rec_wk4",79,27,28,4,"A1","C2",94542,83098,63907,"Jan_2022","PBS","",""
"HF1013","MMF.16S.192_HF1013","1507","RC-ABX","RC","6072209","baseline",21,-31,-31,4,"A1","C3",63585,50865,40642,"Jan_2022","ABX","",""
"HF1014","MMF.16S.192_HF1014","1543","RC-ABX","RC","6072209","baseline",21,-31,-31,4,"A1","C3",45165,38081,31332,"Jan_2022","ABX","",""
"HF1019","MMF.16S.192_HF1019","1517","WD-PBS","WD","6072211","baseline",21,-31,-31,4,"A1","C3",99238,76753,62377,"Jan_2022","PBS","",""
"HF1024","MMF.16S.192_HF1024","1523","RC-PBS","RC","6072212","baseline",21,-31,-31,4,"A1","C3",32491,25347,21909,"Jan_2022","PBS","",""
"HF1029","MMF.16S.192_HF1029","1530","WD-PBS","WD","6072213","baseline",21,-31,-31,4,"A1","C3",125610,97159,80335,"Jan_2022","PBS","",""
"HF1030","MMF.16S.192_HF1030","1528","WD-PBS","WD","6072213","baseline",21,-31,-31,4,"A1","C3",46190,36621,29558,"Jan_2022","PBS","",""
"HF1034","MMF.16S.192_HF1034","1533","RC-PBS","RC","6072214","baseline",21,-31,-31,4,"A1","C3",56630,45412,38096,"Jan_2022","PBS","",""
"HF1035","MMF.16S.192_HF1035","1534","RC-PBS","RC","6072214","baseline",21,-31,-31,4,"A1","C3",70150,55791,41875,"Jan_2022","PBS","",""
"HF1113","MMF.16S.192_HF1113","1501","RC-ABX","RC","6072207","pre_abx",49,-3,-3,1,"A1","C3",64422,51328,47679,"Jan_2022","ABX","",""
"HF1116","MMF.16S.192_HF1116","1999","RC-ABX","RC","6072207","pre_abx",49,-3,-3,4,"A1","C3",55695,42430,38623,"Jan_2022","ABX","",""
"HF1117","MMF.16S.192_HF1117","1998","WD-ABX","WD","6072208","pre_abx",49,-3,-3,1,"A1","C3",51619,43746,38133,"Jan_2022","ABX","",""
"HF1121","MMF.16S.192_HF1121","1504","WD-ABX","WD","6072208","pre_abx",49,-3,-3,4,"A1","C3",36452,32393,28296,"Jan_2022","ABX","",""
"HF1122","MMF.16S.192_HF1122","1544","RC-ABX","RC","6072209","pre_abx",49,-3,-3,1,"A1","C3",100893,76201,58372,"Jan_2022","ABX","",""
"HF1125","MMF.16S.192_HF1125","1507","RC-ABX","RC","6072209","pre_abx",49,-3,-3,4,"A1","C3",39736,28872,22104,"Jan_2022","ABX","",""
"HF1126","MMF.16S.192_HF1126","1543","RC-ABX","RC","6072209","pre_abx",49,-3,-3,4,"A1","C3",25832,20095,15974,"Jan_2022","ABX","",""
"HF1127","MMF.16S.192_HF1127","1536","WD-ABX","WD","6072210","pre_abx",49,-3,-3,1,"A1","C3",46854,39569,36114,"Jan_2022","ABX","",""
"HF1129","MMF.16S.192_HF1129","1512","WD-ABX","WD","6072210","pre_abx",49,-3,-3,4,"A1","C3",47699,36420,29079,"Jan_2022","ABX","",""
"HF1130","MMF.16S.192_HF1130","1516","WD-ABX","WD","6072210","pre_abx",49,-3,-3,4,"A1","C3",42243,28803,25624,"Jan_2022","ABX","",""
"HF1131","MMF.16S.192_HF1131","1518","WD-PBS","WD","6072211","pre_abx",49,-3,-3,1,"A1","C3",60790,47004,39435,"Jan_2022","PBS","",""
"HF1135","MMF.16S.192_HF1135","1517","WD-PBS","WD","6072211","pre_abx",49,-3,-3,4,"A1","C3",60706,48432,41473,"Jan_2022","PBS","",""
"HF1136","MMF.16S.192_HF1136","1525","RC-PBS","RC","6072212","pre_abx",49,-3,-3,1,"A1","C3",43292,36151,26791,"Jan_2022","PBS","",""
"HF1140","MMF.16S.192_HF1140","1523","RC-PBS","RC","6072212","pre_abx",49,-3,-3,4,"A1","C3",70167,60209,48684,"Jan_2022","PBS","",""
"HF1141","MMF.16S.192_HF1141","1527","WD-PBS","WD","6072213","pre_abx",49,-3,-3,1,"A1","C3",103221,86794,75107,"Jan_2022","PBS","",""
"HF1144","MMF.16S.192_HF1144","1530","WD-PBS","WD","6072213","pre_abx",49,-3,-3,4,"A1","C3",31522,25234,22163,"Jan_2022","PBS","",""
"HF1145","MMF.16S.192_HF1145","1528","WD-PBS","WD","6072213","pre_abx",49,-3,-3,4,"A1","C3",94715,72946,57549,"Jan_2022","PBS","",""
"HF1146","MMF.16S.192_HF1146","1532","RC-PBS","RC","6072214","pre_abx",49,-3,-3,1,"A1","C3",33174,25478,20466,"Jan_2022","PBS","",""
"HF1148","MMF.16S.192_HF1148","1533","RC-PBS","RC","6072214","pre_abx",49,-3,-3,4,"A1","C3",20263,16713,14337,"Jan_2022","PBS","",""
"HF1149","MMF.16S.192_HF1149","1534","RC-PBS","RC","6072214","pre_abx",49,-3,-3,4,"A1","C3",2493,2148,1779,"Jan_2022","PBS","",""
"HF1152","MMF.16S.192_HF1152","1999","RC-ABX","RC","6072207","post_abx",52,0,0,4,"A1","C3",12998,9932,9734,"Jan_2022","ABX","",""
"HF1153","MMF.16S.192_HF1153","1505","WD-ABX","WD","6072208","post_abx",52,0,0,2,"A1","C3",21265,20294,20241,"Jan_2022","ABX","",""
"HF1157","MMF.16S.192_HF1157","1545","RC-ABX","RC","6072209","post_abx",52,0,0,2,"A1","C3",22989,15571,15341,"Jan_2022","ABX","",""
"HF1159","MMF.16S.192_HF1159","1507","RC-ABX","RC","6072209","post_abx",52,0,0,4,"A1","C3",4895,3800,3733,"Jan_2022","ABX","",""
"HF1160","MMF.16S.192_HF1160","1543","RC-ABX","RC","6072209","post_abx",52,0,0,4,"A1","C3",8862,6543,6469,"Jan_2022","ABX","",""
"HF1162","MMF.16S.192_HF1162","1512","WD-ABX","WD","6072210","post_abx",52,0,0,4,"A1","C3",208841,194625,180953,"Jan_2022","ABX","",""
"HF1163","MMF.16S.192_HF1163","1516","WD-ABX","WD","6072208","post_abx",52,0,0,4,"A1","C3",61308,58167,57466,"Jan_2022","ABX","",""
"HF1164","MMF.16S.192_HF1164","1521","WD-PBS","WD","6072211","post_abx",52,0,0,2,"A1","C3",67859,55919,44427,"Jan_2022","PBS","",""
"HF1167","MMF.16S.192_HF1167","1517","WD-PBS","WD","6072211","post_abx",52,0,0,4,"A1","C3",43260,33251,30364,"Jan_2022","PBS","",""
"HF1168","MMF.16S.192_HF1168","1524","RC-PBS","RC","6072212","post_abx",52,0,0,2,"A1","C3",72345,61651,49811,"Jan_2022","PBS","",""
"HF1171","MMF.16S.192_HF1171","1523","RC-PBS","RC","6072212","post_abx",52,0,0,4,"A1","C3",82035,69475,64191,"Jan_2022","PBS","",""
"HF1172","MMF.16S.192_HF1172","1529","WD-PBS","WD","6072213","post_abx",52,0,0,2,"A1","C3",81525,63392,53805,"Jan_2022","PBS","",""
"HF1174","MMF.16S.192_HF1174","1530","WD-PBS","WD","6072213","post_abx",52,0,0,4,"A1","C3",99935,80786,69431,"Jan_2022","PBS","",""
"HF1175","MMF.16S.192_HF1175","1528","WD-PBS","WD","6072213","post_abx",52,0,0,4,"A1","C3",38527,30124,27239,"Jan_2022","PBS","",""
"HF1177","MMF.16S.192_HF1177","1533","RC-PBS","RC","6072214","post_abx",52,0,0,4,"A1","C3",92451,76857,59799,"Jan_2022","PBS","",""
"HF1178","MMF.16S.192_HF1178","1534","RC-PBS","RC","6072214","post_abx",52,0,0,4,"A1","C3",21623,17120,15670,"Jan_2022","PBS","",""
"HF1181","MMF.16S.192_HF1181","1999","RC-ABX","RC","6072207","rec_wk1",53,1,1,4,"A1","C3",9056,7245,7077,"Jan_2022","ABX","",""
"HF1184","MMF.16S.192_HF1184","1516","WD-ABX","WD","6072208","rec_wk1",53,1,1,4,"A1","C3",91571,86312,84479,"Jan_2022","ABX","",""
"HF1186","MMF.16S.192_HF1186","1507","RC-ABX","RC","6072209","rec_wk1",53,1,1,4,"A1","C3",35031,26477,26207,"Jan_2022","ABX","",""
"HF1187","MMF.16S.192_HF1187","1543","RC-ABX","RC","6072209","rec_wk1",53,1,1,4,"A1","C3",2126,1490,1400,"Jan_2022","ABX","",""
"HF1189","MMF.16S.192_HF1189","1512","WD-ABX","WD","6072210","rec_wk1",53,1,1,4,"A1","C3",22093,20069,19807,"Jan_2022","ABX","",""
"HF1190","MMF.16S.192_HF1190","1504","WD-ABX","WD","6072210","rec_wk1",53,1,1,4,"A1","C3",37207,34866,34654,"Jan_2022","ABX","",""
"HF1205","MMF.16S.192_HF1205","1999","RC-ABX","RC","6072207","rec_wk1",54,2,2,4,"A1","C3",6847,5492,5344,"Jan_2022","ABX","",""
"HF1208","MMF.16S.192_HF1208","1516","WD-ABX","WD","6072208","rec_wk1",54,2,2,4,"A1","C3",104491,99215,96580,"Jan_2022","ABX","",""
"HF1210","MMF.16S.193_HF1210","1507","RC-ABX","RC","6072209","rec_wk1",54,2,2,4,"A1","C3",13927,10682,10375,"Jan_2022","ABX","",""
"HF1211","MMF.16S.193_HF1211","1543","RC-ABX","RC","6072209","rec_wk1",54,2,2,4,"A1","C3",33561,24429,23978,"Jan_2022","ABX","",""
"HF1213","MMF.16S.193_HF1213","1512","WD-ABX","WD","6072210","rec_wk1",54,2,2,4,"A1","C3",47971,43905,43650,"Jan_2022","ABX","",""
"HF1214","MMF.16S.193_HF1214","1504","WD-ABX","WD","6072210","rec_wk1",54,2,2,4,"A1","C3",87413,79413,78218,"Jan_2022","ABX","",""
"HF1229","MMF.16S.193_HF1229","1999","RC-ABX","RC","6072207","rec_wk1",55,3,3,4,"A1","C3",14520,9511,9120,"Jan_2022","ABX","",""
"HF1232","MMF.16S.193_HF1232","1516","WD-ABX","WD","6072208","rec_wk1",55,3,3,4,"A1","C3",77314,69904,69576,"Jan_2022","ABX","",""
"HF1234","MMF.16S.193_HF1234","1507","RC-ABX","RC","6072209","rec_wk1",55,3,3,4,"A1","C3",1137,908,770,"Jan_2022","ABX","",""
"HF1237","MMF.16S.193_HF1237","1512","WD-ABX","WD","6072210","rec_wk1",55,3,3,4,"A1","C3",66770,61952,61656,"Jan_2022","ABX","",""
"HF1238","MMF.16S.193_HF1238","1504","WD-ABX","WD","6072210","rec_wk1",55,3,3,4,"A1","C3",59469,54884,54561,"Jan_2022","ABX","",""
"HF1253","MMF.16S.193_HF1253","1999","RC-ABX","RC","6072207","rec_wk1",56,4,4,4,"A1","C3",92014,78456,78411,"Jan_2022","ABX","",""
"HF1256","MMF.16S.193_HF1256","1516","WD-ABX","WD","6072208","rec_wk1",56,4,4,4,"A1","C3",73260,67662,64159,"Jan_2022","ABX","",""
"HF1258","MMF.16S.193_HF1258","1507","RC-ABX","RC","6072209","rec_wk1",56,4,4,4,"A1","C3",5035,2561,2548,"Jan_2022","ABX","",""
"HF1259","MMF.16S.193_HF1259","1543","RC-ABX","RC","6072209","rec_wk1",56,4,4,4,"A1","C3",117438,99789,99570,"Jan_2022","ABX","",""
"HF1261","MMF.16S.193_HF1261","1512","WD-ABX","WD","6072210","rec_wk1",56,4,4,4,"A1","C3",63624,59583,59228,"Jan_2022","ABX","",""
"HF1262","MMF.16S.193_HF1262","1504","WD-ABX","WD","6072210","rec_wk1",56,4,4,4,"A1","C3",64311,59041,58713,"Jan_2022","ABX","",""
"HF1276","MMF.16S.193_HF1276","1999","RC-ABX","RC","6072207","rec_wk1",57,5,5,4,"A1","C3",104476,92614,87113,"Jan_2022","ABX","",""
"HF1279","MMF.16S.193_HF1279","1516","WD-ABX","WD","6072208","rec_wk1",57,5,5,4,"A1","C3",54324,51063,50897,"Jan_2022","ABX","",""
"HF1281","MMF.16S.193_HF1281","1507","RC-ABX","RC","6072209","rec_wk1",57,5,5,4,"A1","C3",47715,40590,40203,"Jan_2022","ABX","",""
"HF1282","MMF.16S.193_HF1282","1543","RC-ABX","RC","6072209","rec_wk1",57,5,5,4,"A1","C3",71556,57975,57927,"Jan_2022","ABX","",""
"HF1284","MMF.16S.193_HF1284","1512","WD-ABX","WD","6072210","rec_wk1",57,5,5,4,"A1","C3",28816,26273,26234,"Jan_2022","ABX","",""
"HF1285","MMF.16S.193_HF1285","1504","WD-ABX","WD","6072210","rec_wk1",57,5,5,4,"A1","C3",62091,57100,56721,"Jan_2022","ABX","",""
"HF1300","MMF.16S.193_HF1300","1999","RC-ABX","RC","6072207","rec_wk1",59,7,7,4,"A1","C3",83025,72869,65818,"Jan_2022","ABX","",""
"HF1303","MMF.16S.193_HF1303","1516","WD-ABX","WD","6072208","rec_wk1",59,7,7,4,"A1","C3",103680,94584,91688,"Jan_2022","ABX","",""
"HF1305","MMF.16S.193_HF1305","1507","RC-ABX","RC","6072209","rec_wk1",59,7,7,4,"A1","C3",87173,75917,69506,"Jan_2022","ABX","",""
"HF1306","MMF.16S.193_HF1306","1543","RC-ABX","RC","6072209","rec_wk1",59,7,7,4,"A1","C3",65748,58447,53622,"Jan_2022","ABX","",""
"HF1308","MMF.16S.193_HF1308","1512","WD-ABX","WD","6072210","rec_wk1",59,7,7,4,"A1","C3",81532,73365,72543,"Jan_2022","ABX","",""
"HF1309","MMF.16S.193_HF1309","1504","WD-ABX","WD","6072210","rec_wk1",59,7,7,4,"A1","C3",43959,39068,38920,"Jan_2022","ABX","",""
"HF1312","MMF.16S.193_HF1312","1517","WD-PBS","WD","6072211","rec_wk1",59,7,7,4,"A1","C3",132506,96246,77124,"Jan_2022","PBS","",""
"HF1315","MMF.16S.193_HF1315","1523","RC-PBS","RC","6072212","rec_wk1",59,7,7,4,"A1","C3",47998,35829,31040,"Jan_2022","PBS","",""
"HF1317","MMF.16S.193_HF1317","1530","WD-PBS","WD","6072213","rec_wk1",59,7,7,4,"A1","C3",140140,99764,81393,"Jan_2022","PBS","",""
"HF1318","MMF.16S.193_HF1318","1528","WD-PBS","WD","6072213","rec_wk1",59,7,7,4,"A1","C3",49022,37772,28689,"Jan_2022","PBS","",""
"HF1320","MMF.16S.193_HF1320","1533","RC-PBS","RC","6072214","rec_wk1",59,7,7,4,"A1","C3",62310,48543,38466,"Jan_2022","PBS","",""
"HF1321","MMF.16S.193_HF1321","1534","RC-PBS","RC","6072214","rec_wk1",59,7,7,4,"A1","C3",59593,46486,36651,"Jan_2022","PBS","",""
"HF1326","MMF.16S.193_HF1326","1999","RC-ABX","RC","6072207","rec_wk1",60,8,8,4,"A1","C3",51125,40245,35325,"Jan_2022","ABX","",""
"HF1329","MMF.16S.193_HF1329","1516","WD-ABX","WD","6072208","rec_wk1",60,8,8,4,"A1","C3",60821,54673,54263,"Jan_2022","ABX","",""
"HF1331","MMF.16S.193_HF1331","1507","RC-ABX","RC","6072209","rec_wk1",60,8,8,4,"A1","C3",97727,81593,72226,"Jan_2022","ABX","",""
"HF1332","MMF.16S.193_HF1332","1543","RC-ABX","RC","6072209","rec_wk1",60,8,8,4,"A1","C3",39574,33701,28729,"Jan_2022","ABX","",""
"HF1335","MMF.16S.193_HF1335","1504","WD-ABX","WD","6072210","rec_wk1",60,8,8,4,"A1","C3",80319,70212,69749,"Jan_2022","ABX","",""
"HF1350","MMF.16S.193_HF1350","1999","RC-ABX","RC","6072207","rec_wk2",63,11,11,4,"A1","C3",48988,37681,32489,"Jan_2022","ABX","",""
"HF1353","MMF.16S.193_HF1353","1516","WD-ABX","WD","6072208","rec_wk2",63,11,11,4,"A1","C3",28677,26986,26496,"Jan_2022","ABX","",""
"HF1355","MMF.16S.193_HF1355","1507","RC-ABX","RC","6072209","rec_wk2",63,11,11,4,"A1","C3",73168,62278,52240,"Jan_2022","ABX","",""
"HF1356","MMF.16S.193_HF1356","1543","RC-ABX","RC","6072209","rec_wk2",63,11,11,4,"A1","C3",29499,24243,20240,"Jan_2022","ABX","",""
"HF1358","MMF.16S.193_HF1358","1512","WD-ABX","WD","6072210","rec_wk2",63,11,11,4,"A1","C3",44466,37372,34049,"Jan_2022","ABX","",""
"HF1374","MMF.16S.193_HF1374","1999","RC-ABX","RC","6072207","rec_wk2",66,14,14,4,"A1","C3",65961,47163,41344,"Jan_2022","ABX","",""
"HF1377","MMF.16S.193_HF1377","1516","WD-ABX","WD","6072208","rec_wk2",66,14,14,4,"A1","C3",83007,70873,66163,"Jan_2022","ABX","",""
"HF1379","MMF.16S.193_HF1379","1507","RC-ABX","RC","6072209","rec_wk2",66,14,14,4,"A1","C3",99474,86491,74486,"Jan_2022","ABX","",""
"HF1380","MMF.16S.193_HF1380","1543","RC-ABX","RC","6072209","rec_wk2",66,14,14,4,"A1","C3",55046,46861,38443,"Jan_2022","ABX","",""
"HF1382","MMF.16S.193_HF1382","1512","WD-ABX","WD","6072210","rec_wk2",66,14,14,4,"A1","C3",90919,77551,73297,"Jan_2022","ABX","",""
"HF1383","MMF.16S.193_HF1383","1504","WD-ABX","WD","6072210","rec_wk2",66,14,14,4,"A1","C3",30228,24953,23569,"Jan_2022","ABX","",""
"HF1386","MMF.16S.193_HF1386","1517","WD-PBS","WD","6072211","rec_wk2",66,14,14,4,"A1","C3",115805,81658,68223,"Jan_2022","PBS","",""
"HF1389","MMF.16S.193_HF1389","1523","RC-PBS","RC","6072212","rec_wk2",66,14,14,4,"A1","C3",24411,16519,13400,"Jan_2022","PBS","",""
"HF1391","MMF.16S.193_HF1391","1530","WD-PBS","WD","6072213","rec_wk2",66,14,14,4,"A1","C3",45161,36378,32888,"Jan_2022","PBS","",""
"HF1392","MMF.16S.193_HF1392","1528","WD-PBS","WD","6072213","rec_wk2",66,14,14,4,"A1","C3",2061,1676,1362,"Jan_2022","PBS","",""
"HF1394","MMF.16S.193_HF1394","1533","RC-PBS","RC","6072214","rec_wk2",66,14,14,4,"A1","C3",82383,64642,46327,"Jan_2022","PBS","",""
"HF1395","MMF.16S.193_HF1395","1534","RC-PBS","RC","6072214","rec_wk2",66,14,14,4,"A1","C3",24164,18855,15208,"Jan_2022","PBS","",""
"HF1396","MMF.16S.193_HF1396","1999","RC-ABX","RC","6072207","rec_wk3",68,16,16,4,"A1","C3",109315,75389,59111,"Jan_2022","ABX","",""
"HF1397","MMF.16S.193_HF1397","1516","WD-ABX","WD","6072208","rec_wk3",68,16,16,4,"A1","C3",31572,27337,25271,"Jan_2022","ABX","",""
"HF1398","MMF.16S.193_HF1398","1507","RC-ABX","RC","6072209","rec_wk3",68,16,16,4,"A1","C3",43847,34402,27826,"Jan_2022","ABX","",""
"HF1399","MMF.16S.193_HF1399","1543","RC-ABX","RC","6072209","rec_wk3",68,16,16,4,"A1","C3",152169,126115,104263,"Jan_2022","ABX","",""
"HF1400","MMF.16S.193_HF1400","1512","WD-ABX","WD","6072210","rec_wk3",68,16,16,4,"A1","C3",48714,41486,39336,"Jan_2022","ABX","",""
"HF1401","MMF.16S.193_HF1401","1504","WD-ABX","WD","6072210","rec_wk3",68,16,16,4,"A1","C3",58945,48154,43489,"Jan_2022","ABX","",""
"HF1408","MMF.16S.193_HF1408","1999","RC-ABX","RC","6072207","rec_wk3",70,18,18,4,"A1","C3",60875,48729,43007,"Jan_2022","ABX","",""
"HF1409","MMF.16S.193_HF1409","1516","WD-ABX","WD","6072208","rec_wk3",70,18,18,4,"A1","C3",64494,58084,49354,"Jan_2022","ABX","",""
"HF1410","MMF.16S.193_HF1410","1507","RC-ABX","RC","6072209","rec_wk3",70,18,18,4,"A1","C3",56070,46716,37210,"Jan_2022","ABX","",""
"HF1411","MMF.16S.193_HF1411","1543","RC-ABX","RC","6072209","rec_wk3",70,18,18,4,"A1","C3",74890,60625,55635,"Jan_2022","ABX","",""
"HF1412","MMF.16S.193_HF1412","1512","WD-ABX","WD","6072210","rec_wk3",70,18,18,4,"A1","C3",60417,48462,45356,"Jan_2022","ABX","",""
"HF1413","MMF.16S.193_HF1413","1504","WD-ABX","WD","6072210","rec_wk3",70,18,18,4,"A1","C3",36325,27298,24869,"Jan_2022","ABX","",""
"HF1420","MMF.16S.193_HF1420","1999","RC-ABX","RC","6072207","rec_wk3",73,21,21,4,"A1","C3",88517,65221,49481,"Jan_2022","ABX","",""
"HF1421","MMF.16S.193_HF1421","1516","WD-ABX","WD","6072208","rec_wk3",73,21,21,4,"A1","C3",30353,24998,22380,"Jan_2022","ABX","",""
"HF1422","MMF.16S.193_HF1422","1507","RC-ABX","RC","6072209","rec_wk3",73,21,21,4,"A1","C3",37877,32393,25977,"Jan_2022","ABX","",""
"HF1423","MMF.16S.193_HF1423","1543","RC-ABX","RC","6072209","rec_wk3",73,21,21,4,"A1","C3",100909,86581,70268,"Jan_2022","ABX","",""
"HF1424","MMF.16S.193_HF1424","1512","WD-ABX","WD","6072210","rec_wk3",73,21,21,4,"A1","C3",56530,47051,44199,"Jan_2022","ABX","",""
"HF1425","MMF.16S.193_HF1425","1504","WD-ABX","WD","6072210","rec_wk3",73,21,21,4,"A1","C3",34539,25209,24285,"Jan_2022","ABX","",""
"HF1426","MMF.16S.193_HF1426","1517","WD-PBS","WD","6072211","rec_wk3",73,21,21,4,"A1","C3",20130,13096,10438,"Jan_2022","PBS","",""
"HF1427","MMF.16S.193_HF1427","1523","RC-PBS","RC","6072212","rec_wk3",73,21,21,4,"A1","C3",47320,38521,30684,"Jan_2022","PBS","",""
"HF1428","MMF.16S.194_HF1428","1530","WD-PBS","WD","6072213","rec_wk3",73,21,21,4,"A1","C3",92142,28585,26400,"Jan_2022","PBS","",""
"HF1429","MMF.16S.194_HF1429","1528","WD-PBS","WD","6072213","rec_wk3",73,21,21,4,"A1","C3",49513,24788,20376,"Jan_2022","PBS","",""
"HF1430","MMF.16S.194_HF1430","1533","RC-PBS","RC","6072214","rec_wk3",73,21,21,4,"A1","C3",162584,93821,82822,"Jan_2022","PBS","",""
"HF1431","MMF.16S.194_HF1431","1534","RC-PBS","RC","6072214","rec_wk3",73,21,21,4,"A1","C3",118909,59780,50190,"Jan_2022","PBS","",""
"HF1432","MMF.16S.194_HF1432","1999","RC-ABX","RC","6072207","rec_wk4",75,23,23,4,"A1","C3",164590,65590,55461,"Jan_2022","ABX","",""
"HF1433","MMF.16S.194_HF1433","1516","WD-ABX","WD","6072208","rec_wk4",75,23,23,4,"A1","C3",180247,121714,112414,"Jan_2022","ABX","",""
"HF1434","MMF.16S.194_HF1434","1507","RC-ABX","RC","6072209","rec_wk4",75,23,23,4,"A1","C3",68299,34205,30026,"Jan_2022","ABX","",""
"HF1435","MMF.16S.194_HF1435","1543","RC-ABX","RC","6072209","rec_wk4",75,23,23,4,"A1","C3",191451,104651,98229,"Jan_2022","ABX","",""
"HF1436","MMF.16S.194_HF1436","1512","WD-ABX","WD","6072210","rec_wk4",75,23,23,4,"A1","C3",225243,119789,118025,"Jan_2022","ABX","",""
"HF1437","MMF.16S.194_HF1437","1504","WD-ABX","WD","6072210","rec_wk4",75,23,23,4,"A1","C3",97585,53344,52820,"Jan_2022","ABX","",""
"HF2351","MMF.16S.194_HF2351","1954","WD-PBS","WD","6067920","rec_wk2",67,15,14,3,"A1","C2",246165,105921,92157,"Jan_2022","PBS","",""
"HF2756","MMF.16S.194_HF2756","1997","RC-ABX","RC","6072207","rec_wk2",66,14,14,3,"A1","C3",50918,23220,20175,"Jan_2022","ABX","",""
"HF2775","MMF.16S.194_HF2775","2000","RC-ABX","RC","6072207","rec_wk2",66,14,14,3,"A1","C3",114642,54402,49172,"Jan_2022","ABX","",""
"HF2794","MMF.16S.194_HF2794","1506","WD-ABX","WD","6072208","rec_wk2",66,14,14,3,"A1","C3",101088,64125,60350,"Jan_2022","ABX","",""
"HF2813","MMF.16S.194_HF2813","1502","WD-ABX","WD","6072208","rec_wk2",66,14,14,3,"A1","C3",116642,56366,53592,"Jan_2022","ABX","",""
"HF2832","MMF.16S.194_HF2832","1510","RC-ABX","RC","6072209","rec_wk2",66,14,14,3,"A1","C3",149609,60508,50351,"Jan_2022","ABX","",""
"HF2851","MMF.16S.194_HF2851","1515","WD-ABX","WD","6072210","rec_wk2",66,14,14,3,"A1","C3",61690,26991,26258,"Jan_2022","ABX","",""
"HF2870","MMF.16S.194_HF2870","1519","WD-PBS","WD","6072211","rec_wk2",66,14,14,3,"A1","C3",33856,15036,13541,"Jan_2022","PBS","",""
"HF2889","MMF.16S.194_HF2889","1520","WD-PBS","WD","6072211","rec_wk2",66,14,14,3,"A1","C3",154874,41069,34933,"Jan_2022","PBS","",""
"HF2908","MMF.16S.194_HF2908","1522","RC-PBS","RC","6072212","rec_wk2",66,14,14,3,"A1","C3",83052,41148,32857,"Jan_2022","PBS","",""
"HF2927","MMF.16S.194_HF2927","1526","RC-PBS","RC","6072212","rec_wk2",66,14,14,3,"A1","C3",74558,45770,40434,"Jan_2022","PBS","",""
"HF2946","MMF.16S.194_HF2946","1531","WD-PBS","WD","6072213","rec_wk2",66,14,14,3,"A1","C3",58208,29245,24278,"Jan_2022","PBS","",""
"HF2966","MMF.16S.194_HF2966","1535","RC-PBS","RC","6072214","rec_wk2",66,14,14,3,"A1","C3",43988,23159,21722,"Jan_2022","PBS","",""
"HF2984","MMF.16S.194_HF2984","1999","RC-ABX","RC","6072207","rec_wk4",80,28,28,4,"A1","C3",129637,57283,51767,"Jan_2022","ABX","",""
"HF3003","MMF.16S.194_HF3003","1516","WD-ABX","WD","6072208","rec_wk4",80,28,28,4,"A1","C3",91866,37257,34292,"Jan_2022","ABX","",""
"HF3022","MMF.16S.194_HF3022","1507","RC-ABX","RC","6072209","rec_wk4",80,28,28,4,"A1","C3",155647,87129,81351,"Jan_2022","ABX","",""
"HF3041","MMF.16S.194_HF3041","1543","RC-ABX","RC","6072209","rec_wk4",80,28,28,4,"A1","C3",119427,75577,69595,"Jan_2022","ABX","",""
"HF3060","MMF.16S.194_HF3060","1512","WD-ABX","WD","6072210","rec_wk4",80,28,28,4,"A1","C3",136696,84488,82475,"Jan_2022","ABX","",""
"HF3079","MMF.16S.194_HF3079","1504","WD-ABX","WD","6072210","rec_wk4",80,28,28,4,"A1","C3",216953,139387,137102,"Jan_2022","ABX","",""
"HF3098","MMF.16S.194_HF3098","1517","WD-PBS","WD","6072211","rec_wk4",80,28,28,4,"A1","C3",84473,37043,34984,"Jan_2022","PBS","",""
"HF3117","MMF.16S.194_HF3117","1523","RC-PBS","RC","6072212","rec_wk4",80,28,28,4,"A1","C3",205785,91008,86414,"Jan_2022","PBS","",""
"HF3136","MMF.16S.194_HF3136","1530","WD-PBS","WD","6072213","rec_wk4",80,28,28,4,"A1","C3",54261,18613,15432,"Jan_2022","PBS","",""
"HF3155","MMF.16S.194_HF3155","1528","WD-PBS","WD","6072213","rec_wk4",80,28,28,4,"A1","C3",54474,31810,29971,"Jan_2022","PBS","",""
"HF3174","MMF.16S.194_HF3174","1533","RC-PBS","RC","6072214","rec_wk4",80,28,28,4,"A1","C3",3883,2318,2146,"Jan_2022","PBS","",""
"HF3193","MMF.16S.194_HF3193","1534","RC-PBS","RC","6072214","rec_wk4",80,28,28,4,"A1","C3",99900,51515,45773,"Jan_2022","PBS","",""
"HF1444","MMF.16S.202_HF1444","1999","RC-ABX","RC","6072207","rec_wk4",77,25,25,4,"A1","C3",84983,77814,66514,"Feb_2022","ABX","",""
"HF1445","MMF.16S.202_HF1445","1516","WD-ABX","WD","6072208","rec_wk4",77,25,25,4,"A1","C3",85958,79831,61140,"Feb_2022","ABX","",""
"HF1446","MMF.16S.202_HF1446","1507","RC-ABX","RC","6072209","rec_wk4",77,25,25,4,"A1","C3",16807,15734,11936,"Feb_2022","ABX","",""
"HF1447","MMF.16S.202_HF1447","1543","RC-ABX","RC","6072209","rec_wk4",77,25,25,4,"A1","C3",54935,50100,40295,"Feb_2022","ABX","",""
"HF1448","MMF.16S.202_HF1448","1512","WD-ABX","WD","6072210","rec_wk4",77,25,25,4,"A1","C3",10688,8540,8136,"Feb_2022","ABX","",""
"HF1449","MMF.16S.202_HF1449","1504","WD-ABX","WD","6072210","rec_wk4",77,25,25,4,"A1","C3",69844,64972,61890,"Feb_2022","ABX","",""
