ASV,cpd35610,cpd01242,cpd01293,cpd00035,cpd01055,cpd00224,cpd00132,cpd00041,cpd00158,cpd00526,cpd00137,cpd00084,cpd01107,cpd02733,cpd01741,cpd01171,cpd00082,cpd00751,cpd00106,cpd00108,cpd00027,cpd00023,cpd00033,cpd01113,cpd00119,cpd00359,cpd00322,cpd00107,cpd01122,cpd02475,cpd00039,cpd00130,cpd03198,cpd00060,cpd03847,cpd00122,cpd00218,cpd03846,cpd00064,cpd00214,cpd00066,cpd07053,cpd00129,cpd00020,cpd00382,cpd00396,cpd00105,cpd00550,cpd00036,cpd00076,cpd00161,cpd00069,cpd04945,cpd00597,cpd00156,cpd00024,cpd00536,cpd00392,cpd00121,cpd00851,cpd00029,cpd00211,cpd00141
Name,3alpha-hydroxy-7-oxo-5beta-cholan-24-oate,Thyminose,5-Oxoproline,L-Alanine,D-Allose,L-Arabinose,L-Asparagine,L-Aspartate,CELB,Cholate,Citrate,L-Cysteine,Decanoate,Deoxycholate,ddca,Dulcose,D-Fructose,L-Fucose,Fumarate,Galactose,D-Glucose,L-Glutamate,Glycine,Hexanoate,L-Histidine,indol,L-Isoleucine,L-Leucine,Linoleate,Lithocholate,L-Lysine,L-Malate,Melibiose,L-Methionine,Myristic acid,N-Acetyl-D-glucosamine,Niacin,octanoate,Ornithine,Palmitate,L-Phenylalanine,Picolinic acid,L-Proline,Pyruvate,Melitose,L-Rhamnose,D-Ribose,D-Serine,Succinate,Sucrose,L-Threonine,L-Tyrosine,Ursodiol,Valerate,L-Valine,2-Oxoglutarate,Oleate,Phycite,L-Inositol,trans-4-Hydroxy-L-proline,Acetate,Butyrate,Propionate
Helicobacter.1,,UEAG,,UEAG,,EAG,UEAG,UEAG,UEAG,,UE,UEAG,UE,,UE,,UEAG,,UEAG,E,EAG,UE,UEAG,,UE,UE,UE,UE,,,U,UEAG,EAG,E,E,U,U,U,UE,UE,UE,,UE,UEAG,EAG,,EAG,,UEAG,EAG,UEAG,UE,,,UE,UE,,,U,,UE,,
Corynebacterium.1,,UEAG,,UEAG,,,UEAG,UEAG,,,UE,UEAG,E,,UE,,UEAG,,UEAG,EAG,EAG,UE,UEAG,,UE,UE,UE,UE,,,E,UEAG,,E,UE,,UE,E,UE,UE,UE,,UE,UEAG,EAG,,EAG,,UEAG,,UEAG,UE,,,UE,UE,,,U,,UE,,
Bilophila.1,,,U,UEAG,,,UEAG,UEAG,,,,UE,E,,E,,,,UEAG,,EAG,UEAG,UEAG,,UE,UE,UE,UE,,,U,UEAG,,E,E,,,E,UE,E,UE,,UEAG,UEAG,,,U,,UEAG,,U,UE,,,UE,UEAG,,,,,UE,,E
Coprococcus.1,,UEAG,U,UEAG,,EAG,UEAG,UEAG,EAG,,UEAG,EAG,E,,UE,,UEAG,EAG,UEAG,EAG,EAG,UE,UEAG,,UE,,UE,E,,,UE,UEAG,UEAG,E,,UEAG,UE,,UE,,UE,,UE,UEAG,EAG,,EAG,EAG,UE,EAG,UEAG,UE,,,UE,UE,,,,,UEAG,,U
Erysipelotrichaceae.1,,,,UEG,,,UE,UEAG,,,UE,E,,,,,UEAG,,UEAG,,EAG,UE,,,E,UE,UE,UE,,,E,UEAG,,E,,UEAG,,,E,,E,,E,UEAG,,,UEAG,,UEAG,EAG,UE,,,,E,UE,,,,,UE,U,
Clostridium.1,,EAG,,UEAG,,EAG,UEAG,UEAG,EAG,,UEAG,EAG,UEAG,,UEAG,UEAG,UEAG,,UEAG,EAG,EAG,UEAG,UEAG,,E,UE,UE,UE,,,UE,UEAG,UEAG,E,EAG,UEAG,UE,U,UE,UEAG,UE,,UE,UEAG,EAG,EAG,UEAG,EAG,UEAG,UEAG,UEAG,UE,,,UE,UEAG,,,,,UEAG,U,
Kandleria.1,,UE,,UE,,,U,UE,E,,UE,U,E,,UE,,UE,,UE,UE,E,UE,UE,,U,UE,E,E,,,UE,UE,,E,,UE,U,,E,,U,,,UE,E,,E,,UE,E,UE,U,,,E,UE,,,,,UE,,
Finegoldia.1,,UEAG,U,UE,,,UEAG,UEAG,UEAG,,UEAG,UE,UE,,UE,,UEAG,,UEAG,E,EAG,UE,UEAG,,UE,UE,UE,UE,,,UE,UEAG,EAG,E,E,UEAG,UE,U,UE,UE,UE,,E,UEAG,,,EAG,,UEAG,,UEAG,UE,,,UE,UE,,,,,UE,,
Bifidobacterium.1,,UEAG,,UEAG,,EAG,UEAG,UEAG,UEAG,,UEAG,UEAG,E,,UE,,UEAG,,UEAG,UEAG,EAG,UEAG,UEAG,,EAG,UE,EG,E,,,UE,UEAG,UEAG,EG,UEG,UEAG,UE,E,UEG,UEG,UE,,UEG,UEAG,EAG,,EAG,,UEAG,UEAG,U,UEG,,,E,UEAG,,,U,,UEG,,
bacterium.1,,UE,,UE,,,UE,UE,E,,U,U,E,,UE,,UE,,UE,UE,E,UE,UE,,U,UE,UE,UE,,,UE,UE,UE,E,,UE,UE,,UE,U,U,,U,UE,E,,E,,UE,,UE,U,,,UE,UE,,,,,UE,,
Enterorhabdus.1,,,,UE,,,UE,UE,,,UE,E,E,,UE,,E,,UE,E,E,UE,UE,,UE,,UE,UE,,,U,UE,,E,E,,U,,UE,,UE,,UE,UE,,,,,UE,,UE,UE,,,UE,UE,,,,,UE,,
Eubacterium.1,,UEAG,,UEAG,,,UEAG,UEAG,,,U,UE,E,,UE,,,,UEAG,,EAG,UEAG,UE,,UE,,UE,UE,,,UE,UEAG,,E,E,,U,,UE,E,UE,,UE,UEAG,,,UEAG,EAG,UE,,UE,UE,,,UE,UEAG,,,,,UE,U,
Veillonella.1,,UEAG,,UEAG,,,UEAG,UEAG,,,,E,E,,E,,UEAG,,UEAG,,EAG,UE,UE,,UE,UE,E,E,,,UE,UEAG,,E,E,,U,,E,E,UE,,UE,UEAG,,,EAG,,UEAG,,UE,UE,,,E,UE,,,,,UE,,
Eubacterium.2,,UE,,UE,,,UE,UE,,,UE,E,E,,UE,,UE,,UE,,E,UE,UE,,,U,UE,UE,,,U,UE,,,,UE,U,,UE,UE,,,UE,UE,,,E,E,UE,,UE,,,,UE,UE,,,,,UE,,
Parabacteroides.1,,UEAG,,UEAG,,EAG,UEAG,UEAG,EAG,,UE,E,UE,,UE,,UEAG,,UEAG,E,EAG,UE,UEAG,,UE,UE,UE,UE,,,U,UEAG,EAG,E,E,U,U,U,UE,UE,UE,,UE,UEAG,E,,UEAG,,UEAG,,UEAG,UE,,,UE,UE,,,,,UE,,
Bifidobacterium.2,,UEAG,,UEAG,,EAG,UEAG,UEAG,EAG,,UEAG,UEAG,E,,UE,,UEAG,,UEAG,UEAG,UEAG,UEAG,UEAG,,EAG,UE,UEG,UE,,,UE,UEAG,UEAG,EG,UEG,UEAG,UE,E,UEG,UEG,UEG,,UEG,UEAG,EAG,,EAG,,UEAG,UEAG,U,UEG,,,UE,UEAG,,,U,,UEG,,
Bacillus.1,,UEAG,U,UEAG,,EAG,UEAG,UEAG,EAG,,UEAG,UEAG,UEAG,,UEAG,UEAG,UEAG,,UEAG,EAG,UEAG,UEAG,UEAG,,UE,UE,UEAG,UE,,,UE,UEAG,EAG,EAG,EAG,UEAG,UE,UEAG,UEAG,UEAG,UE,,UEAG,UEAG,EAG,EAG,EAG,EAG,UEAG,EAG,UEAG,UE,,,UEAG,UEAG,,,,,UEAG,U,
Streptococcus.1,,,,UEAG,,,UEAG,UEAG,EAG,,UEAG,EAG,UE,,UE,,UEAG,,UEAG,UEAG,EAG,UE,UEAG,,UE,UE,UE,UE,,,U,UEAG,UEAG,E,E,UEAG,UE,U,UE,UE,UE,,UE,UEAG,EAG,,,,UEAG,,UEAG,UE,,,UE,UE,,,,,UEAG,,
Parvibacter.1,,,,UE,,,UE,UE,,,UE,E,E,,UE,,,,UE,E,E,UE,UE,,UE,UE,UE,UE,,,UE,UE,,E,E,,U,,UE,,UE,,UE,UE,,,,,UE,,UE,UE,,,UE,UE,,,,,UE,,
Blautia.1,,EAG,U,UEAG,,EAG,UEAG,UEAG,EAG,,UEAG,EAG,UEAG,,UEAG,UEAG,UEAG,EAG,UEAG,EAG,EAG,UEAG,UEAG,,E,UE,UE,UE,,,UE,UEAG,UEAG,E,UEAG,UEAG,UE,U,UE,UEAG,UE,,UE,UEAG,EAG,EAG,UEAG,EAG,UEAG,EAG,UEAG,UE,,,UE,UEAG,,,,,UEAG,U,
Clostridium.2,,UEAG,U,UE,,,UEAG,UEAG,E,,UEAG,EG,UE,,UE,,UEAG,,UEAG,EAG,EAG,UE,UEAG,,UE,UE,UE,UE,,,UE,UEAG,E,UE,E,UEAG,UE,UE,,UE,UE,,UE,UEAG,EAG,,EAG,,UEAG,,UE,UE,,,UE,UE,,,,,UEG,,
Bacteroides.1,,UEAG,,UEAG,,EAG,UEAG,UEAG,EAG,,UE,EG,UE,,UE,,UEAG,,UEAG,E,EAG,UE,UEAG,,UE,UE,UE,UE,,,U,UEAG,EAG,E,E,U,U,U,UE,UE,UE,,UE,UEAG,E,EAG,EAG,,UEAG,,UEAG,UE,,,UE,UE,,,U,,UE,,
Clostridium.3,,E,,UE,,E,UE,UE,E,,UE,UE,UE,,UE,UE,UE,,UE,E,E,UE,UE,,UE,UE,UE,UE,,,U,UE,UE,E,U,UE,UE,U,UE,U,UE,,UE,UE,E,E,UE,,UE,UE,UE,UE,,,UE,UE,,,,,UE,U,
Lactobacillus.1,,UE,,UE,,E,UE,UE,E,,UE,UE,UE,,UE,,UE,,UE,E,E,UE,UE,,E,,UE,UE,,,UE,UE,E,E,U,UE,UE,U,UE,U,UE,,UE,UE,E,,E,,UE,,UE,UE,,,UE,UE,,,,,UE,,
Bacteroides.2,,UEAG,,UEAG,,,UEAG,UEAG,EAG,,UE,UE,UE,,UE,,UEAG,,UEAG,E,EAG,UE,UEAG,,UE,UE,UE,UE,,,U,UEAG,EAG,UE,E,U,U,U,UE,UE,UE,,UE,UEAG,E,,EAG,,UEAG,,UEAG,UE,,,UE,UE,,,,,UE,,
Clostridium.4,,EAG,U,UEAG,,EAG,UEAG,UEAG,EAG,,UE,UEAG,UE,,UE,,UEAG,,UEAG,UEAG,EAG,UE,UE,,UE,UE,UE,UE,,,U,UEAG,UEAG,E,E,UEAG,UE,U,UE,UE,UE,,UE,UEAG,EAG,,EAG,EAG,EG,EAG,UE,UE,,,UE,UE,,,,,UE,,UE
Clostridium.5,,EAG,U,UEAG,,EAG,UEAG,UEAG,EAG,,UEAG,EAG,UEAG,,UEAG,UEAG,UEAG,,UEAG,EAG,EAG,UEAG,UEAG,,E,UE,UE,UE,,,UE,UEAG,UEAG,E,UEAG,UEAG,UE,U,UE,UEAG,UE,,UE,UEAG,EAG,EAG,UEAG,EAG,UEAG,UEAG,UEAG,UEAG,,,UE,UEAG,,,,,UEAG,U,
Enterococcus.1,,EAG,U,UEAG,,EAG,UEAG,UEAG,EAG,,UEAG,UEAG,UEG,,UEG,UEAG,UEAG,,UEAG,UEAG,EAG,UEAG,UEAG,,UE,UE,UE,UE,,,U,UEAG,UEAG,E,UEAG,UEAG,UE,UEG,UEAG,UEAG,UE,,UEG,UEAG,EAG,EAG,UEAG,EAG,UEAG,UEAG,UEAG,UE,,,UE,UEAG,,,U,,UEG,U,
Salmonella.1,,EAG,U,UEAG,,EAG,UEAG,UEAG,EAG,,UEAG,UEAG,EAG,,UEAG,UEAG,UEAG,EAG,UEAG,UEAG,EAG,UEAG,UEAG,,EAG,UE,UE,UE,,,UE,UEAG,UEAG,UEAG,UEAG,UEAG,UE,EG,UEAG,UEAG,UE,,UEAG,UEAG,EAG,EAG,UEAG,EAG,UEAG,UEAG,UEAG,UEG,,,UE,UEAG,,,U,,UEAG,U,EAG
Bacteroides.3,,UEAG,,UEAG,,EAG,UEAG,UEAG,,,UE,E,UE,,UE,,UEAG,,UEAG,E,EAG,UE,UEAG,,UE,UE,UE,UE,,,U,UEAG,EAG,E,E,U,U,U,UE,UE,UE,,UE,UEAG,EAG,,UEAG,,UEAG,EAG,UEAG,UE,,,UE,UE,,,U,,UE,,
Clostridium.6,,U,,UEAG,,,UE,UEAG,,,,,UE,,UE,,UEAG,,UEAG,,EAG,UE,UE,,UE,UE,UE,UE,,,UE,UEAG,,E,E,,U,U,UE,UE,UE,,UE,UEAG,,,EAG,,UEG,,UEG,UE,,,UE,UE,,,,,UE,,
Mesorhizobium.1,,EAG,EAG,UEAG,,,UEAG,EAG,EAG,,UEAG,UEAG,EG,,UEAG,,UEAG,,UEAG,E,EAG,UEAG,UEG,,EAG,UE,E,E,,,UE,UEAG,EAG,E,UEAG,UEAG,U,EG,UEAG,UEAG,UE,,UEAG,UEAG,,,UEAG,EAG,UEAG,,U,UEG,,,E,UEAG,,,,,UEG,U,
Enterococcus.2,,EAG,,UEAG,,EAG,UEAG,UEAG,EAG,,UEAG,UEAG,UE,,UE,,UEAG,,U,UEAG,EAG,E,UEAG,,UE,,E,E,,,UE,UEAG,UEAG,E,,UEAG,UE,U,UE,U,UE,,UE,UEAG,EAG,EAG,UEAG,,UE,,UE,UE,,,E,UE,,,,,UEG,,
Clostridioides.1,,EAG,,UEAG,,,UEAG,UEAG,EAG,,,UE,E,,UE,UEAG,UEAG,,UEAG,UEAG,EAG,UE,UEAG,,UE,U,UE,UE,,,UE,UEAG,UEAG,E,E,UEAG,U,,UE,UE,UE,,UE,UEAG,EAG,,EAG,,UEAG,UEAG,UEAG,UE,,,UE,UE,,,,,UE,,
Clostridium.7,,EAG,U,UEAG,,EAG,UEAG,UEAG,EAG,,UE,UEAG,UE,,UE,,UEAG,,UEAG,UEAG,EAG,UE,UE,,UE,UE,UE,UE,,,UE,UEAG,UEAG,E,E,UEAG,UE,U,UE,UE,UE,,UE,UEAG,EAG,EAG,EAG,,EG,EAG,UE,UE,,,UE,UE,,,,,UE,,UE
Bacteroides.4,,UEAG,,UEAG,,EAG,UEAG,UEAG,EAG,,UE,E,UE,,UE,,UEAG,,UEAG,E,EAG,UE,UEAG,,UE,UE,UE,UE,,,U,UEAG,EAG,E,E,U,U,U,UE,UE,UE,,UE,UEAG,EAG,,UEAG,,UEAG,EAG,UEAG,UE,,,UE,UE,,,U,,UE,,
Lachnospiraceae.1,,EAG,U,UEAG,,EAG,UEAG,UEAG,EAG,,UEAG,EAG,UEAG,,UEAG,UEAG,UEAG,EAG,UEAG,EAG,EAG,UEAG,UEAG,,E,UE,UE,UE,,,UE,UEAG,UEAG,E,UEAG,UEAG,UE,U,UE,UEAG,UE,,UE,UEAG,EAG,EAG,UEAG,EAG,UEAG,EAG,UEAG,UE,,,UE,UEAG,,,U,,UEAG,U,
Streptococcus.2,,,,UE,,,UE,UE,E,,,E,UE,,UE,,UE,,U,UE,E,UE,UE,,E,UE,E,E,,,UE,E,UE,E,,UE,UE,U,UE,U,UE,,UE,UE,E,,,,UE,,UE,UE,,,E,UE,,,,,UE,U,
Stenotrophomonas.1,,,U,UEAG,,,UE,UEAG,EAG,,UEAG,UEAG,E,,UE,,EAG,,UEAG,,EAG,UEAG,UE,,UEAG,UE,EG,E,,,UE,UEAG,,EG,UEG,UEAG,UE,E,UE,UEG,UE,,UEG,UEAG,,,UEAG,EAG,UEAG,,U,UEG,,,EG,UEAG,,,,,UEG,,EG
Lactococcus.1,,UE,,UE,,E,UE,UE,E,,UE,E,UE,,UE,,UE,,U,E,E,E,UE,,UE,UE,UE,UE,,,UE,E,E,E,E,UE,UE,U,UE,UE,UE,,UE,UE,E,,E,,UE,,UE,UE,,,UE,UE,,,,,UE,,
Corynebacterium.2,,E,,UE,,,UE,UE,E,,UE,UE,,,,,UE,,UE,,E,UE,UE,,UE,UE,UE,UE,,,UE,UE,,E,E,UE,UE,,UE,E,UE,,UE,UE,,,UE,,UE,,UE,UE,,,UE,UE,,,U,,UE,,
Clostridium.8,,EAG,U,UEAG,,EAG,UEAG,UEAG,EAG,,UEAG,EAG,UEAG,,UEAG,UEAG,UEAG,EAG,UEAG,EAG,EAG,UEAG,UEAG,,E,UE,UE,UE,,,UEG,UEAG,UEAG,E,UEAG,UEAG,UE,U,UE,UEAG,UE,,UE,UEAG,EAG,EAG,UEAG,EAG,UEAG,UEAG,UEAG,UE,,,UE,UEAG,,,U,,UEAG,U,
Clostridium.9,,E,,UE,,,UE,UE,E,,,E,UE,,UE,UE,UE,,UE,,E,UE,UE,,UE,,E,E,,,UE,UE,,E,UE,UE,U,U,UE,UE,UE,,UE,UE,,,UE,,U,,UE,UE,,,E,UE,,,,,UE,,
Agrobacterium.1,,UEAG,,UEAG,,,UEAG,EAG,,,EAG,UE,E,,UE,,UEAG,,UEAG,E,EAG,EAG,UEG,,EAG,UE,E,E,,,UE,UEAG,EAG,E,UEG,,U,,UEG,UEG,UE,,UEG,UEAG,EAG,,EAG,EAG,UEAG,UEAG,UEAG,UE,,,E,UEAG,,,,,UEG,,
Weissella.1,,,,UE,,E,UE,UE,E,,UE,E,UE,,UE,,UE,,UE,UE,E,UE,UE,,U,,UE,E,,,UE,UE,,E,E,UE,UE,U,UE,UE,UE,,E,UE,E,,E,,UE,,UE,UE,,,E,UE,,,,,UE,,
Burkholderiales.1,,,,UEAG,,,UEAG,UEAG,,,,E,E,,UE,,UE,,UEAG,,EAG,UEAG,UE,,UEAG,UE,UE,UE,,,U,UEAG,,E,E,,U,,E,E,UE,,UE,UEAG,,,UEAG,,UEAG,,UE,UE,,,UE,UEAG,,,,,U,,
Eubacterium.3,,EAG,U,UEAG,,EAG,UEAG,UEAG,EAG,,UEAG,E,UE,,UE,UEAG,UEAG,EAG,UEAG,EAG,EAG,UEAG,UEAG,,E,UE,UE,UE,,,UE,UEAG,UEAG,E,UE,UEAG,UE,U,UE,UE,UE,,UE,UEAG,EAG,EAG,UEAG,EAG,UEAG,UEAG,UEAG,UE,,,UE,UEAG,,,U,,UE,U,
Helicobacter.2,,UE,,UEAG,,,UEAG,UEAG,EAG,,UEAG,UEAG,E,,UE,,UEAG,,UEAG,,EAG,UEAG,UE,,UEAG,UE,UEG,UE,,,UE,UEAG,,EG,UEG,UEAG,UE,E,UE,UEG,UEG,,UEG,UEAG,,,UEAG,EAG,UEAG,,U,UEG,,,UEG,UEAG,,,,,UEG,,EG
Lactobacillus.2,,UE,U,UE,,,UE,UE,E,,UE,UE,UE,,UE,,UE,,U,UE,E,UE,UE,,UE,,,E,,,UE,E,UE,E,,UE,UE,U,UE,U,E,,UE,UE,E,,E,,UE,,UE,E,,,UE,UE,,,,,UE,,
Escherichia.1,,UEAG,U,UEAG,,EAG,UEAG,UEAG,EAG,,UEAG,UEAG,EG,,UEG,UEAG,UEAG,EAG,UEAG,UEAG,EAG,UEAG,UEAG,,EAG,UE,UE,UE,,,UE,UEAG,UEAG,UEAG,UEG,UEAG,UE,EG,UEAG,UEG,UE,,UEAG,UEAG,EAG,EAG,EAG,EAG,UEAG,UEAG,UEAG,UE,,,UE,UEAG,,,,,UEG,U,EG
Eubacterium.4,,E,,UE,,E,UE,UE,E,,UE,E,UE,,UE,UE,UE,E,UE,E,E,UE,UE,,UE,UE,UE,UE,,,U,UE,UE,E,UE,UE,UE,U,UE,UE,UE,,UE,UE,E,E,UE,,UE,E,UE,UE,,,UE,UE,,,,,UE,U,
Brachybacterium.1,,UE,,UE,,E,UE,UE,E,,UE,UE,,,,,UE,,UE,E,UE,UE,UE,,UE,UE,UE,UE,,,E,UE,E,E,E,UE,UE,,E,E,UE,,UE,UE,,E,UE,,E,UE,UE,UE,,,UE,UE,,,,,UE,,
Faecalibacterium.1,,UEAG,,UEAG,,,UEAG,UEAG,EAG,,UEAG,UE,UE,,UE,,UEAG,,UEAG,EAG,EAG,UEAG,UE,,UE,UE,E,E,,,UE,UEAG,UEAG,E,E,UEAG,UE,U,UE,UE,UE,,UE,UEAG,EAG,,EAG,EAG,UEAG,EAG,UE,UE,,,E,UEAG,,,,,UE,,UE
Agathobacter.1,,,,UE,,,UE,UE,E,,UE,UE,E,,UE,,E,,UE,E,E,UE,UE,,UE,UE,UE,UE,,,UE,UE,UE,E,UE,UE,U,,UE,UE,UE,,UE,UE,E,,,,UE,E,UE,UE,,,UE,UE,,,,,UE,,
Coprobacillus.1,,UE,,UE,,,UE,UE,E,,UE,UE,E,,UE,,E,,UE,E,E,UE,UE,,U,UE,U,UE,,,UE,UE,UE,E,E,UE,UE,,E,UE,U,,U,UE,E,,UE,,UE,,UE,U,,,UE,UE,,,,,UE,,
Synergistes.1,,UEAG,,UE,,,UEAG,UEAG,,,,E,E,,E,,,,UEAG,,EAG,UE,UE,,E,U,E,E,,,U,UEAG,,E,E,,U,E,UE,UE,,,UE,UEAG,,,UE,,UE,,UE,,,,E,UE,,,,UE,U,,
Proteus.1,,UEAG,,UEAG,,,UEAG,UEAG,,,UEAG,UE,E,,UE,,UEAG,,UEAG,UEAG,EAG,UEAG,UEAG,,UE,UE,UE,UE,,,UE,UEAG,,E,UEG,UEAG,UE,E,UE,UEG,UE,,UEAG,UEAG,EAG,,EAG,EAG,UEAG,,U,UE,,,UE,UEAG,,,,,UEG,,
Anaerotruncus.1,,UE,,UE,,,UE,UE,E,,UE,UE,UE,,UE,UE,UE,,UE,E,E,UE,UE,,,U,UE,UE,,,,UE,UE,E,E,UE,U,U,UE,UE,,,UE,UE,,,UE,E,UE,,UE,,,,UE,UE,,,U,,UE,,
Methylobacterium.1,,UEAG,U,UEAG,,,UEAG,EAG,,,UEAG,UEAG,EG,,UEG,,UEAG,,UEAG,E,EAG,EAG,UEG,,UE,UE,E,E,,,U,UEAG,EAG,E,UEG,,U,EG,UEG,UEG,UE,,UEG,UEAG,,,EAG,EAG,UEAG,UEAG,U,UE,,,E,UEAG,,,U,,UEG,U,
Alistipes.1,,UEAG,,UEAG,,,UEAG,UEAG,EAG,,UE,E,UE,,UE,,UEAG,,UEAG,E,EAG,UE,UEAG,,UE,UE,UE,UE,,,E,UEAG,EAG,E,E,UEAG,U,UE,UE,UE,UE,,UE,UEAG,,EAG,UEAG,,UEAG,UEAG,UEAG,UE,,,UE,UE,,,,,UE,,
Ruminococcus.1,,EAG,,UEAG,,EAG,UEAG,UEAG,EAG,,UEAG,UE,UE,,UE,UEAG,UEAG,,UEAG,EAG,EAG,UE,UEAG,,UE,UE,E,E,,,U,UEAG,UEAG,E,E,UEAG,U,U,UE,UE,UE,,UE,UEAG,EAG,,UEAG,,UE,EAG,UEAG,UE,,,E,UE,,,,,UE,,
Bacteroides.5,,UEAG,,UEAG,,EAG,UEAG,UEAG,EAG,,UE,E,UE,,UE,,UEAG,,UEAG,E,EAG,UE,UEAG,,UE,UE,UE,UE,,,U,UEAG,EAG,E,E,U,U,U,UE,UE,UE,,UE,UEAG,E,,UEAG,,UEAG,,UEAG,UE,,,UE,UE,,,U,,UE,,
Paraclostridium.1,,EAG,,UEAG,,,UEAG,UEAG,EAG,,,UE,E,,UE,UEAG,UEAG,,UEAG,UEAG,EAG,UE,UEAG,,UE,U,UE,UE,,,UE,UEAG,UEAG,E,E,UEAG,U,,UE,UE,UE,,UE,UEAG,EAG,,EAG,,UE,UEAG,UEAG,UE,,,UE,UE,,,,,UE,,
Clostridium.10,,UEAG,,UEAG,,,UEAG,UEAG,,,E,UEAG,UE,,UE,,UEAG,,UEAG,EAG,EAG,UEAG,UE,,UE,UE,E,E,,,U,UEAG,,E,U,,UE,UE,UE,UE,UE,,UEG,UEAG,,,EAG,,EAG,,UE,UE,,,E,UEG,,,,,UE,,UE
Cupriavidus.1,,,U,UEAG,,,UEAG,EAG,EAG,,UEAG,UE,EG,,UEG,,UEAG,,UEAG,,EAG,EAG,UEAG,,EAG,UE,E,E,,,UE,UEAG,,E,EG,,U,EG,UEAG,EG,UEG,,UEAG,UEAG,,,,EAG,UEAG,,U,UEG,,,E,UEAG,,,,U,UEG,U,
Stenotrophomonas.2,,,,UEAG,,,UE,UEAG,EAG,,UEAG,UEAG,E,,UE,,,,UEAG,,EAG,UEAG,UE,,UEAG,UE,UEG,UE,,,E,UEAG,,EG,UEG,UEAG,UE,E,UE,UEG,UE,,UEG,UEAG,,,UEAG,EAG,UEAG,,U,UEG,,,UEG,UEAG,,,,,UEG,,EG
Alistipes.2,,EAG,,UE,,,,UE,EAG,,,,UE,,UE,,,,UE,E,EAG,EAG,,,,U,E,UE,,,,UE,EAG,,E,,,U,UE,UE,,,,UE,,,UEAG,,UE,,,,,,UE,UEAG,,,,,U,,
Bacteroides.6,,UEAG,,UEAG,,EAG,UEAG,UEAG,EAG,,UEAG,UEAG,UEG,,UEAG,,UEAG,,UEAG,UEAG,EAG,UEAG,UEAG,,UE,UE,E,E,,,UE,UEAG,UEAG,E,UEAG,UEAG,UE,UEG,UEAG,UEAG,UE,,UEAG,UEAG,EAG,,EAG,EAG,UEAG,,U,UE,,,E,UEAG,,,U,,UEG,U,
Proteus.2,,UEAG,,UEAG,,,UEAG,UEAG,,,UEAG,UE,E,,UE,,UEAG,,UEAG,UEAG,EAG,UEAG,UEAG,,UE,UE,UE,UE,,,UE,UEAG,,E,UEG,UEAG,UE,E,UE,UEG,UE,,UEAG,UEAG,EAG,,EAG,EAG,UEAG,,U,UE,,,UE,UEAG,,,,,UEG,,
Lactobacillus.3,,UEAG,,UEAG,,EAG,UEAG,UEAG,EAG,,UEAG,UEAG,UE,,UE,,UEAG,,UEAG,UEAG,EAG,UE,UEAG,,UE,UE,UE,UE,,,UE,UEAG,UEAG,E,UE,UEAG,UE,U,UE,UEG,UE,,UE,UEAG,EAG,EAG,EAG,EAG,UEAG,UEAG,UE,UE,,,UE,UE,,,,,UEAG,,
Lachnospiraceae.2,,E,,UE,,E,UE,UE,E,,UE,E,UE,,UE,UE,UE,,UE,E,E,UE,UE,,E,UE,UE,UE,,,E,UE,UE,E,E,UE,UE,U,UE,UE,UE,,UE,UE,E,,UE,E,UE,,UE,UE,,,UE,UE,,,,,UE,,U
Ruthenibacterium.1,,UE,,UE,,,E,UE,UE,,UE,UE,,,,,E,,UE,E,E,UE,UE,,,,E,E,,,,UE,UE,E,,UE,E,,UE,UE,,,E,UE,E,,E,,,,,,,,E,UE,,,,,UE,,
Leuconostoc.1,,,,UE,,E,UE,UE,E,,E,E,UE,,UE,,UE,,UE,UE,E,UE,UE,,E,,E,E,,,UE,UE,UE,E,,UE,UE,U,UE,U,UE,,UE,UE,E,,UE,,UE,,UE,UE,,,E,UE,,,,,UE,,
Bacteroides.7,,UEAG,,UEAG,,EAG,UEAG,UEAG,,,UE,E,UE,,UE,,UEAG,,UEAG,E,EAG,UE,UEAG,,UE,UE,UE,UE,,,U,UEAG,EAG,E,E,U,U,U,UE,UE,UE,,UE,UEAG,EAG,,UEAG,,UEAG,EAG,UEAG,UE,,,UE,UE,,,U,,UE,,
Clostridium.11,,EAG,,UEAG,,EAG,UEAG,UEAG,EAG,,UEAG,E,UE,,UE,UEAG,UEAG,EAG,UEAG,EAG,EAG,UEAG,UEAG,,E,UE,UE,UE,,,UE,UEAG,UEAG,E,E,UEAG,UE,U,UE,UE,UE,,UE,UEAG,EAG,EAG,UEAG,EAG,UE,EAG,UEAG,UE,,,UE,UEAG,,,,,UE,,
Muribaculum.1,,,,UE,,,UEAG,UEAG,EAG,,,E,E,,UE,,EAG,,UEAG,E,EAG,UEAG,UE,,,UE,E,,,,U,UEAG,EAG,E,,U,U,,UEAG,UE,,,EAG,UEG,E,,,,UEAG,,E,,,,E,UEAG,,,U,,UE,,
Leuconostoc.2,,UE,,UE,,E,UE,UE,E,,E,UE,UE,,UE,,E,,UE,UE,E,UE,UE,,UE,UE,E,E,,,UE,UE,UE,E,UE,UE,U,U,UE,UE,UE,,UE,UE,E,,UE,,UE,,UE,UE,,,E,UE,,,,,UE,,UE
Pantoea.1,,UEAG,U,UEAG,,EAG,UEAG,UEAG,EAG,,UEAG,UE,EG,,UEG,,UEAG,,UEAG,UEAG,EAG,UEAG,UEAG,,EAG,UE,E,E,,,UE,UEAG,,E,UEG,UEAG,UE,EG,UEG,UEG,UE,,UEG,UEAG,EAG,EAG,EAG,,UEAG,,U,UE,,,E,UEAG,,,,,UEG,U,
Bacteroides.8,,UEAG,,UEAG,,EAG,UEAG,UEAG,EAG,,UE,UE,UE,,UE,,UEAG,,UEAG,E,EAG,UE,UEAG,,UE,UE,UE,UE,,,U,UEAG,EAG,UE,E,U,U,U,UE,UE,UE,,UE,UEAG,E,EAG,EAG,,UEAG,,UEAG,UE,,,UE,UE,,,U,,UE,,
Comamonas.1,,,U,UEAG,,,UEAG,UEAG,,,UEAG,UEAG,E,,UE,,UEAG,,UEAG,,EAG,UEAG,UEG,,EAG,UE,UE,UE,,,UE,UEAG,,E,E,,U,E,UEAG,E,UE,,UEG,UEAG,,,,EAG,UEAG,,U,UE,,,UE,UEAG,,,,,UEG,,
Staphylococcus.1,,UEAG,U,UEAG,,EAG,UEAG,UEAG,EAG,,UEAG,EG,UEG,,UEG,UEAG,UEAG,EAG,UEAG,UEAG,EAG,UEAG,UEAG,,E,UE,E,E,,,UE,UEAG,UEAG,E,UEAG,UEAG,UE,U,UEAG,UEAG,UE,,UEAG,UEAG,EAG,,EAG,EAG,UEAG,,UEAG,UE,,,E,UEAG,,,,,UEG,U,
Parabacteroides.2,,UEAG,,UEAG,,,UEAG,UEAG,EAG,,UE,UEAG,UE,,UE,,UEAG,,UEAG,E,EAG,UE,UEAG,,UE,UE,UE,UE,,,U,UEAG,EAG,E,UE,U,U,UE,UE,UE,UE,,UE,UEAG,E,EAG,UEAG,,UEAG,,UEAG,UE,,,UE,UE,,,U,,UE,,
Cutibacterium.1,,UEAG,,UEAG,,,UEAG,UEAG,EAG,,UEAG,E,E,,UE,,UEAG,,UEAG,E,EAG,,UEAG,,UEAG,UE,E,E,,,UE,UEAG,EAG,E,UE,UEAG,U,E,UE,UE,UE,,UEAG,UEAG,,,EAG,,UEAG,,UE,UE,,,E,UEAG,,,,,UEAG,,
Clostridium.12,,EAG,,UEAG,,EAG,UEAG,UEAG,EAG,,UEAG,EG,EG,,UEG,UEAG,UEAG,,UEAG,EAG,EAG,UE,UEAG,,E,UE,UE,UE,,,UE,UEAG,UEAG,E,UEG,UEAG,UE,,UE,UEG,UE,,UE,UEAG,EAG,EAG,UEAG,EAG,UEAG,UEAG,UEAG,UE,,,UE,UE,,,,,UEG,U,
Bacteroides.9,,UEAG,,UEAG,,EAG,UEAG,UEAG,EAG,,UE,UE,UE,,UE,,UEAG,,UEAG,E,EAG,UE,UEAG,,UE,UE,UE,UE,,,U,UEAG,EAG,UE,E,U,U,U,UE,UE,UE,,UE,UEAG,E,EAG,UEAG,,UEAG,,UEAG,UE,,,UE,UE,,,U,,UE,,
Acinetobacter.1,,,U,UEG,,,UEAG,UEAG,,,UEAG,UE,EG,,UEG,,UEAG,,UEAG,,EAG,UEAG,UEG,,E,UE,UE,UE,,,UE,UEAG,,E,UEG,,U,,UEG,UEG,UE,,UEG,UEAG,,,EAG,EAG,UEAG,,U,UE,,,UE,UEAG,,,,,UEG,U,
Pseudomonas.1,,,UEAG,UEG,,,UEAG,UEAG,EAG,,UEAG,UEAG,E,,UE,,UEAG,,UEAG,,EAG,UEAG,UEG,,EAG,UE,UEG,UE,,,UE,UEAG,,UEG,UEG,UEAG,UE,E,UEAG,UEG,UEG,,UEG,UEAG,,,EAG,EAG,UEAG,,U,UEG,,,UEG,UEAG,,,,,UEG,,EG
Clostridium.13,,UEAG,U,UEAG,,,UEAG,UEAG,EAG,,UEAG,UEAG,E,,UE,,UEAG,,UEAG,UEAG,EAG,UEAG,UEAG,,UE,UE,E,E,,,U,UEAG,UEAG,E,,UEAG,UE,E,UE,UE,UE,,UEAG,UEAG,EAG,,EAG,,UEAG,EAG,UEAG,UE,,,E,UEAG,,,,,UEAG,,
Parabacteroides.3,,,,UEG,,,UEAG,UEAG,,,UE,E,E,,U,,,,UEAG,,EAG,UE,E,,E,UE,E,E,,,UE,UEAG,,E,,U,,U,UE,,UE,,UE,UEAG,,,UEAG,,UEAG,,UE,,,,E,UE,,,,,UE,,
Clostridium.14,,UEAG,,UEAG,,EAG,UEAG,UEAG,EAG,,EAG,UEAG,UE,,UE,,UEAG,,UEAG,UEAG,EAG,UE,UE,,UE,UE,E,E,,,UE,UEAG,UEAG,E,E,UEAG,UE,U,UE,UE,UE,,UE,UEAG,EAG,EAG,EAG,,UEG,EAG,UE,UE,,,E,UE,,,,,UE,,
Bacteroides.10,,UEAG,,UEAG,,EAG,UEAG,UEAG,EAG,,UEAG,E,UE,,UE,,UEAG,,UEAG,E,EAG,UE,UEAG,,UE,UE,UE,UE,,,U,UEAG,EAG,E,E,U,U,U,UE,UE,UE,,UE,UEAG,E,EAG,UEAG,,UEAG,,UEAG,UE,,,UE,UE,,,U,,UE,,
Phascolarctobacterium.1,,UEAG,,UE,,,UEAG,UEAG,EAG,,E,E,E,,E,,,,UEAG,,EAG,UE,UE,,UE,UE,E,E,,,UE,UEAG,,E,E,,U,,UE,,UE,,UE,UE,,,EAG,,E,,UE,UE,,,E,UE,,,,,U,,
Acidaminococcus.1,,,,UEAG,,,UEAG,UEAG,,,UEAG,UE,E,,E,,EAG,,UEAG,,EAG,UE,UE,,UE,UE,E,E,,,U,UEAG,,E,UE,UEAG,U,,UE,,UE,,UE,UEAG,,,,,U,,UE,UE,,,E,UE,,,,,UE,,
Cutibacterium.2,,UEAG,,UEAG,,,UEAG,UEAG,EAG,,UEAG,E,,,,,UEAG,,UEAG,,EAG,UEAG,UEAG,,UEAG,UE,UE,UE,,,UE,UEAG,,E,,UEAG,UE,,UE,,UE,,UEAG,UEAG,,,EAG,,UEAG,,UE,UE,,,UE,UEAG,,,,,UEAG,,
Acinetobacter.2,,UEG,,UEG,,,UEAG,UEAG,,,UEAG,UE,EG,,UEG,,UEAG,,UEAG,,EAG,UEAG,UE,,UE,UE,UE,E,,,UE,UEAG,,E,UEG,,U,,UEG,UEG,UE,,UEG,UEAG,,,UEG,,EG,,U,UE,,,UE,UEAG,,,,,UEG,U,
Staphylococcus.2,,UE,,UE,,E,UE,UE,E,,UE,UE,E,,UE,,UE,,UE,E,E,UE,UE,,UE,UE,UE,UE,,,UE,UE,,E,E,UE,UE,,UE,E,UE,,UE,UE,E,,E,E,E,,UE,UE,,,UE,UE,,,,,UE,,
Odoribacter.1,,,,UEAG,,EAG,UEAG,UEAG,EAG,,,E,UE,,UE,,EAG,,UEAG,E,EAG,UE,UEAG,,UE,UE,UE,UE,,,U,UEAG,EAG,E,E,,U,U,UE,UE,UE,,UE,UEAG,E,,,EAG,EAG,,UEAG,UE,,,UE,UE,,,,,UE,,
Corynebacterium.3,,UEAG,,UEG,,,UEAG,UEAG,EAG,,UEAG,UEAG,,,,,UEAG,,UEAG,EG,EAG,UEAG,UEAG,,UEAG,UE,UE,UE,,,UE,UEAG,,E,EG,UEAG,UE,,UE,EG,UE,,UEG,UEAG,,,UEAG,EAG,UEAG,,UE,UE,,,UE,UEAG,,,U,,UEG,,
Streptococcus.3,,UE,,UE,,,UE,UE,E,,UE,E,UE,,UE,,UE,,U,UE,E,UE,UE,,E,,E,E,,,UE,E,,E,E,UE,UE,U,UE,UE,UE,,UE,UE,E,,E,,UE,E,UE,UE,,,E,UE,,,,,UE,U,
Clostridium.15,,UE,,UE,,E,U,UE,E,,,,E,,U,,E,,UE,E,E,UE,UE,,UE,U,E,E,,,U,UE,UE,E,,,,,UE,,UE,,UE,UE,E,,E,E,U,,UE,U,,,E,UE,,,,,U,,
Blautia.2,,EAG,,UEAG,,EAG,UEAG,UEAG,EAG,,UEAG,UE,UE,,UE,UEAG,UEAG,,UEAG,EAG,EAG,UE,UEAG,,UE,UE,UE,UE,,,U,UEAG,UEAG,E,E,UEAG,UE,U,UE,UE,UE,,UE,UEAG,EAG,,UEAG,,UE,EAG,UEAG,UE,,,UE,UE,,,,,UE,,
Clostridium.16,,EAG,,UEAG,,EAG,UEAG,UEAG,EAG,,UEAG,E,E,,UE,UEAG,UEAG,,UEAG,EAG,EAG,UE,UEAG,,UE,UE,UE,UE,,,U,UEAG,UEAG,E,UE,UEAG,U,,UE,UE,UE,,UE,UEAG,EAG,EAG,UEAG,EAG,UE,,UEAG,UE,,,UE,UE,,,,,UE,U,
Enterococcus.3,,UE,,UE,,E,UE,UE,E,,UE,E,UE,,UE,UE,UE,,UE,UE,E,UE,UE,,UE,UE,E,E,,,UE,E,UE,E,,UE,UE,U,UE,U,UE,,UE,UE,E,,UE,,UE,E,UE,UE,,,E,UE,,,,,UE,,
Bacteroides.11,,UEAG,,UEAG,,EAG,UEAG,UEAG,UEAG,,UE,E,UE,,UE,,UEAG,,UEAG,E,EAG,UE,UEAG,,UE,UE,UE,UE,,,U,UEAG,EAG,E,E,U,U,U,UE,UE,UE,,UE,UEAG,E,,EAG,,UEAG,,UEAG,UE,,,UE,UE,,,U,,UE,,
Aerococcus.1,,,,UE,,,UE,UE,E,,U,E,UE,,UE,,UE,,U,UE,E,UE,UE,,UE,UE,E,E,,,UE,E,E,E,,UE,U,U,UE,UE,UE,,UE,UE,E,,UE,E,UE,,UE,UE,,,E,UE,,,,,U,,
Klebsiella.1,,UEAG,U,UEAG,,EAG,UEAG,UEAG,EAG,,UEAG,UEAG,EG,,UEG,UEAG,UEAG,EAG,UEAG,UEAG,EAG,UEAG,UEAG,,EAG,UE,UE,UE,,,UE,UEAG,UEAG,UE,UEG,UEAG,UE,EG,UEAG,UEG,UE,,UEG,UEAG,EAG,EAG,EAG,EAG,UEAG,UEAG,UEAG,UE,,,UE,UEAG,,,,,UEG,U,E
Anaerococcus.1,,UE,U,UE,,,U,UE,E,,,,,,,,E,,UE,E,E,UE,UE,,,UE,U,U,,,,UE,,,,UE,U,,UE,,U,,,UE,E,,E,,U,,UE,U,,,UE,UE,,,,,UE,,
Clostridium.17,,UEAG,U,UEAG,,,UEAG,UEAG,EAG,,UE,UEAG,E,,UE,,UEAG,,UEAG,,EAG,UE,UE,,UE,UE,UE,UE,,,U,UEAG,,E,,UEAG,UE,,UE,UE,UE,,UE,UEAG,EAG,,EAG,,EAG,,UE,UE,,,UE,UE,,,,,UE,U,
Acutalibacter.1,,UEAG,,UE,,,EAG,UEAG,,,UE,E,E,,UE,,UEAG,,UEAG,UE,EAG,UE,,,,U,,E,,,,UEAG,UE,,UE,UEAG,,,U,U,,,U,UE,EAG,,UEAG,,E,EAG,,,,,E,UE,,,,,UE,,
Brevibacterium.1,,UEAG,,UEAG,,,UEAG,UEAG,,,UEAG,UEAG,,,U,,EAG,,UEAG,EAG,EAG,UEAG,UEG,,UEAG,UE,EG,E,,,UE,UEAG,,E,UEG,,UE,,UEAG,UEG,UE,,UEG,UEAG,,,UEAG,EAG,UEAG,,UEAG,UE,,,E,UEAG,,,U,,UEG,,EG
Intestinimonas.1,,UEAG,,UEAG,,,UEAG,UEAG,EAG,,UEAG,UE,UE,,UE,,UEAG,,UEAG,EAG,EAG,UEAG,UEAG,,UE,UE,UE,UE,,,E,UEAG,UEAG,E,UE,UEAG,UE,U,UE,UE,UE,,UE,UEAG,,,EAG,,UE,,UEAG,UE,,,UE,UE,,,,,UEG,U,
Lactobacillus.4,,UEAG,,UE,,,UEAG,UEAG,E,,UE,E,UE,,UE,,UEAG,,UEAG,UEAG,EAG,,UE,,UE,UE,E,E,,,UE,UEAG,UE,E,,UEAG,UE,UE,UE,U,UE,,UE,UEG,EAG,,EAG,,UEAG,,UE,UE,,,E,UE,,,,,UEG,,
Staphylococcus.3,,UEAG,,UEAG,,EAG,UEAG,UEAG,EAG,,UEAG,UEAG,E,,UE,,UEAG,,UEAG,E,EAG,UEAG,UE,,UE,UE,UE,UE,,,UE,UEAG,EAG,E,E,UEAG,UE,,UE,E,UE,,UEAG,UEAG,EAG,,EAG,EAG,UEAG,,UE,UE,,,UE,UEAG,,,,,UE,U,
Alistipes.3,,UEAG,,UE,,,UE,UE,EAG,,,U,UE,,UE,,UEAG,,UE,E,EAG,UEAG,UE,,,U,UE,UE,,,UE,UE,EAG,U,E,U,,U,UE,UE,,,UE,UE,E,,EAG,,UE,,UE,,,,UE,UEAG,,,,,UE,,
Kytococcus.1,,UEAG,,UE,,EG,UEAG,UEAG,EAG,,,UEAG,,,,,UEAG,,UEAG,,EAG,UEAG,UE,,E,UE,UE,UE,,,UE,UEAG,,E,,UEAG,UE,,UE,UE,UE,,UEAG,UEAG,EAG,,UEAG,,UEAG,,UEAG,UE,,,UE,UEAG,,,,,UE,,
Curtobacterium.1,,E,U,UE,,E,UE,UE,E,,UE,UE,,,,UE,UE,,UE,E,UE,UE,UE,,UE,UE,E,E,,,U,UE,E,E,E,UE,UE,,UE,E,UE,,UE,UE,E,E,UE,E,UE,UE,UE,UE,,,E,UE,,,,,UE,,
Akkermansia.1,,U,,UEAG,,,UEAG,UEAG,,,UEAG,UEAG,UE,,UE,,U,,UEAG,E,EAG,UEAG,UEAG,,UE,UE,UE,UE,,,U,UEAG,EAG,E,,UEAG,U,UE,UE,U,UE,,UEAG,UEAG,,,EAG,,UEAG,,UEAG,UE,,,UE,UEAG,,,,,UE,,
Parabacteroides.4,,UEAG,,UEAG,,,UEAG,UEAG,EAG,,UE,EG,UE,,UE,,UEAG,,UEAG,E,EAG,UE,UEAG,,UE,UE,UE,UE,,,U,UEAG,EAG,UE,E,U,U,U,UE,UE,UE,,UE,UEAG,E,,UEAG,,UEG,,UEAG,UE,,,UE,UE,,,U,,UE,,
Corynebacterium.4,,,,UEAG,,,UEAG,UEAG,,,E,UEAG,,,,,EAG,,UEAG,EAG,EAG,UE,UEAG,,UE,UE,UE,UE,,,UE,UEAG,,E,,UEAG,UE,,UE,UE,UE,,UE,UEAG,,,UEAG,,UEAG,,UE,UE,,,UE,UE,,,U,,UEG,,
Lactobacillus.5,,UEAG,,UE,,,UEAG,UEAG,EAG,,UEAG,UEAG,UE,,UE,,UEAG,,UEAG,,EAG,,UEAG,,UE,UE,UE,UE,,,U,UEAG,UE,E,,UEAG,UE,UE,UE,U,UE,,UE,UEAG,EAG,,EAG,,UEAG,EAG,UE,UE,,,UE,UE,,,,,UEAG,,
Coprobacillus.2,,,,UE,,,E,UE,E,,UE,E,UE,,UE,UE,UE,,UE,UE,E,UE,UE,,,U,UE,UE,,,,UE,,E,E,UE,U,U,UE,UE,,,UE,UE,E,,,,E,,,UE,,,UE,UE,,,,,UE,,
Clostridium.18,,UE,,UE,,E,UE,UE,E,,UE,,UE,,UE,,UE,,UE,E,E,UE,UE,,,UE,U,U,,,,UE,E,,UE,UE,U,U,E,UE,U,,U,UE,,E,E,,UE,,UE,U,,,UE,UE,,,,,UE,U,
Oscillibacter.1,,EAG,U,UEAG,,EAG,UEAG,UEAG,UEAG,,UEAG,UEAG,UE,,UE,,UEAG,,UEAG,EAG,EAG,UEAG,UEAG,,UE,UE,UE,UE,,,U,UEAG,UEAG,E,E,UEAG,UE,U,UE,UE,UE,,UE,UEAG,EAG,,UEAG,EAG,UE,EAG,UEAG,UE,,,UE,UE,,,,,UE,U,
Agrobacterium.2,,EAG,,UEAG,,,UEAG,UEAG,,,UEAG,UEAG,EG,,UEG,,UEAG,,UEAG,E,EAG,EAG,UE,,EAG,UE,UE,UE,,,UE,UEAG,EAG,E,UEG,U,U,,UEG,UEG,UE,,UEG,UEAG,EAG,,UEAG,,UEAG,UEAG,UEAG,UEG,,,UE,UEAG,,,,,UEG,U,
Streptomyces.1,,EAG,U,UEAG,,,UE,UEAG,EAG,,UEAG,UEAG,,,,,UEAG,,UEAG,EAG,UEAG,UEAG,UEAG,,UEAG,UE,E,E,,,U,UEAG,EAG,E,EAG,UEAG,UE,,UE,EAG,UE,,UEAG,UEAG,,,UEAG,EAG,UEAG,,UEAG,UE,,,E,UEAG,,,U,,UEAG,,
Staphylococcus.4,,UE,,UE,,,UE,UE,E,,U,UE,E,,UE,,UE,,UE,,E,UE,UE,,UE,UE,UE,UE,,,UE,UE,,E,E,UE,UE,,UE,E,UE,,UE,UE,E,,E,E,UE,,UE,UE,,,UE,UE,,,,,UE,,
Aliivibrio.1,,UEAG,,UEAG,,,UEAG,UEAG,E,,U,UE,E,,UE,,UEAG,,UEAG,,EAG,UEAG,UEAG,,E,UE,UE,UE,,,UE,UEAG,E,E,UEG,UEAG,U,,EAG,UEG,UE,,UEG,UEAG,,,EAG,,UEAG,,UEAG,UE,,,UE,UEAG,,,,,UEG,,
Clostridium.19,,EAG,U,UEAG,,EAG,UEAG,UEAG,EAG,,UEAG,EAG,UEAG,,UEAG,UEAG,UEAG,EAG,UEAG,EAG,EAG,UEAG,UEAG,,E,UE,UE,UE,,,UE,UEAG,UEAG,E,UEAG,UEAG,UE,U,UE,UEAG,UE,,UE,UEAG,EAG,EAG,UEAG,EAG,UEAG,EAG,UEAG,UE,,,UE,UEAG,,,,,UEAG,U,
Turicibacter.1,,UE,U,UE,,,UE,UE,E,,UE,E,UE,,UE,,E,,UE,UE,E,UE,UE,,E,,E,E,,,E,UE,UE,E,,UE,UE,U,UE,UE,UE,,UE,UE,E,,UE,,UE,,UE,UE,,,E,UE,,,,,UE,,
Paeniclostridium.1,,E,,UE,,,UEAG,UEAG,E,,,UE,E,,UE,,UEAG,,UEAG,UE,EAG,UE,UE,,UEAG,U,UE,UE,,,UE,UEAG,U,E,E,UEAG,U,,UE,UE,UE,,UE,UE,EAG,,EAG,,UE,,UEAG,UE,,,UE,UE,,,,,UE,,
Clostridium.20,,,,UE,,,UE,UE,E,,UE,U,E,,UE,,E,,UE,E,E,UE,UE,,U,UE,U,UE,,,UE,UE,UE,E,E,UE,U,,E,U,U,,U,UE,E,,UE,,UE,,UE,U,,,UE,UE,,,,,UE,,
Clostridium.21,,EAG,,UEAG,,EAG,UEAG,UEAG,EAG,,UEAG,EAG,UEAG,,UEAG,UEAG,UEAG,EAG,UEAG,EAG,EAG,UEAG,UEAG,,E,UE,UE,UE,,,UE,UEAG,UEAG,E,UEAG,UEAG,UE,U,UEAG,UEAG,UE,,UEAG,UEAG,EAG,EAG,UEAG,EAG,UEAG,UEAG,UEAG,UE,,,UE,UEAG,,,,,UEAG,U,
Kocuria.1,,UEAG,,UEG,,EAG,UEAG,UEAG,EAG,,UEAG,UEAG,,,,,UEAG,,UEAG,UEAG,UEAG,UEAG,UEG,,UEAG,UE,UEG,UE,,,UEG,UEAG,,EG,EG,UEAG,UE,,UEG,EG,UE,,UEG,UEAG,EAG,EAG,UEAG,EAG,UEAG,UEAG,U,UE,,,UE,UEAG,,,U,,UEG,,
Anaerotruncus.2,,UE,,UE,,,UE,UE,E,,U,E,UE,,UE,,UE,,UE,E,E,UE,UE,,,UE,UE,UE,,,UE,UE,UE,E,E,UE,U,U,UE,UE,,,UE,UE,,,UE,E,UE,,UE,,,,UE,UE,,,U,,UE,,
Lactobacillus.6,,UEAG,,UEAG,,EAG,UEAG,UEAG,EAG,,UEAG,UEAG,UE,,UE,,UEAG,,UEAG,UEAG,EAG,UEAG,UE,,UE,UE,UE,UE,,,UE,UEAG,UEAG,E,UE,UEAG,UE,U,UE,UE,UE,,UEG,UEAG,,,EAG,EAG,EG,,UE,UE,,,UE,UE,,,,,UEG,,
Peptoniphilus.1,,,,UE,,,U,EAG,,,EAG,E,,,,,EAG,,U,,EAG,UE,UE,,,U,,E,,,E,,,,,,U,,UE,U,,,U,UE,,,U,,UE,,UE,E,,,E,UE,,,,,UE,,
Akkermansia.2,,,,UEAG,,,UE,UEAG,,,UEAG,UE,UE,,UE,,UEAG,,UEAG,,EAG,E,UEAG,,UE,UE,UE,UE,,,,UEAG,,E,,UEAG,,UE,UE,U,UE,,UEAG,UEAG,,,E,,UEAG,,UE,UE,,,UE,UEAG,,,,,UE,,
Mycolicibacterium.1,,UEAG,U,UEAG,,,UEAG,UEAG,,,E,UEAG,,,,,UEAG,,UEAG,,UEAG,EAG,UEAG,,UE,UE,EG,E,,,U,UEAG,,UE,EG,UEAG,UE,,UEAG,EG,UE,,EAG,UEAG,,,UEAG,EAG,UEAG,,UEAG,UE,,,EG,UEAG,,,U,,UEAG,,
Nocardioides.1,,,,UEAG,,,UE,UEAG,EAG,,UE,UEAG,,,,,EAG,,UEAG,E,EAG,UEAG,UEAG,,UEAG,UE,E,E,,,UE,UEAG,EAG,E,EAG,,UE,,UEAG,EAG,UE,,UEAG,UEAG,E,,,,UEAG,,UE,UE,,,E,UEAG,,,U,,UEAG,,
Ruminococcus.2,,EAG,,UEAG,,EAG,UEAG,UEAG,EAG,,UEAG,UE,UE,,UE,UEAG,UEAG,,UEAG,EAG,EAG,UE,UEAG,,UE,UE,UE,UE,,,U,UEAG,UEAG,E,UE,UEAG,UE,U,UE,UE,UE,,UE,UEAG,EAG,EAG,UEAG,,UEAG,UEAG,UEAG,UE,,,UE,UE,,,,,UE,U,
Paenibacillus.1,,UE,,UE,,E,UE,UE,E,,UE,E,UE,,UE,,UE,,UE,E,UE,UE,UE,,UE,UE,UE,UE,,,UE,UE,E,E,E,UE,UE,U,UE,UE,UE,,UE,UE,E,E,E,,UE,UE,UE,UE,,,UE,UE,,,,,UE,,
Clostridium.22,,UEAG,U,UEAG,,,UEAG,UEAG,EAG,,EAG,EAG,UE,,UE,UEAG,UEAG,,UEAG,UEAG,EAG,UE,UEAG,,E,,,E,,,UE,UEAG,UEAG,E,U,UEAG,U,U,UE,U,UE,,UE,UEAG,,,EAG,EAG,UEAG,,UEAG,UE,,,E,UE,,,,,UE,,
Cellulosimicrobium.1,,EAG,U,UEAG,,EAG,UEAG,UEAG,EAG,,UEAG,UEAG,EAG,,UEAG,,UEAG,,UEAG,UEAG,UEAG,UEAG,UEAG,,UE,UE,UEG,UE,,,UEAG,UEAG,UEAG,EG,UEAG,UEAG,UE,,UE,UEAG,UE,,UEAG,UEAG,EAG,EAG,UEAG,EAG,UEAG,,UEAG,UE,,,UE,UEAG,,,U,,UEAG,U,
Weissella.2,,UE,,UE,,E,UE,UE,,,UE,E,UE,,UE,,UE,,U,UE,E,UE,UE,,E,,,E,,,UE,UE,UE,E,E,UE,UE,U,UE,UE,E,,UE,UE,E,,UE,E,UE,,UE,UE,,,UE,UE,,,,,UE,,
Actinomyces.1,,E,,UE,,E,UE,UE,E,,E,UE,,,,,UE,,UE,E,E,UE,UE,,UE,UE,E,E,,,UE,UE,E,E,,UE,UE,,UE,UE,UE,,UE,UE,E,,UE,E,UE,,UE,UE,,,E,UE,,,U,,UE,,
Bradyrhizobium.1,,EAG,UEAG,UEAG,,,UEAG,UEAG,EAG,,UEAG,UEAG,EG,,UEAG,,UEAG,,UEAG,EG,EAG,UEAG,UEAG,,EAG,UE,E,E,,,U,UEAG,EAG,E,UEAG,UEAG,U,EG,UEAG,UEAG,UEG,,UEAG,UEAG,,,UEAG,EAG,UEAG,,U,UEG,,,E,UEAG,,,U,,UEAG,U,
Capnocytophaga.1,,EAG,,UEAG,,EAG,UEAG,UEAG,EAG,,UEAG,EG,UE,,UE,,UEAG,,UEAG,UEAG,EAG,UEAG,UEG,,UE,UE,UE,UE,,,U,UEAG,UEAG,UE,E,,UE,U,UE,UE,UE,,UEG,UEAG,EAG,,EAG,,UEG,,UE,UE,,,UE,UEAG,,,,,UEG,,
Microbacterium.1,,,,UE,,E,UE,UE,E,,UE,UE,,,,,UE,,UE,E,UE,UE,UE,,UE,UE,E,E,,,UE,UE,E,E,E,UE,UE,,UE,E,UE,,UE,UE,E,E,,,UE,,UE,UE,,,E,UE,,,,,UE,,
Blautia.3,,UE,,UE,,,UE,UE,UE,,UE,,UE,,UE,,E,,UE,E,E,UE,UE,,,,UE,UE,,,UE,UE,UE,,U,UE,U,U,UE,U,U,,U,UE,E,,UE,,UE,E,UE,U,,,UE,UE,,,,,UE,,
Stenotrophomonas.3,,,,UEAG,,,UE,UEAG,EAG,,UEAG,UEAG,E,,UE,,EAG,,UEAG,,EAG,UEAG,UE,,UEAG,UE,UEG,UE,,,UE,UEAG,,EG,UEG,UEAG,UE,E,UE,UEG,UE,,UEG,UEAG,,,UEAG,EAG,UEAG,,U,UEG,,,UEG,UEAG,,,,,UEG,,EG
Pseudoalteromonas.1,,,U,UEG,,,UEAG,UEAG,,,UEAG,UEG,E,,UE,,EAG,,UEAG,UEAG,UEAG,UEAG,UEG,,UE,UE,UE,UE,,,U,UEAG,UEAG,EG,UEG,,U,E,UE,UEG,UEG,,UEG,UEAG,EAG,,UEAG,,UEAG,EAG,U,UEG,,,UE,UEAG,,,,,UEG,,EG
Coprococcus.2,,,,UE,,,UE,UE,UE,,UE,E,,,,,UE,,UE,E,E,UE,UE,,UE,UE,UE,UE,,,UE,UE,E,E,,,UE,,UE,,UE,,UE,UE,E,,,,E,E,UE,UE,,,UE,UE,,,,,UE,,
Campylobacter.1,,UEAG,,UEAG,,,UEAG,UEAG,,,,EAG,E,,UE,,UEAG,,UEAG,UEAG,UEAG,UEAG,UE,,UEAG,UE,UE,UE,,,E,UEAG,UEAG,E,UEAG,UEAG,U,E,UE,UEAG,UE,,UEAG,UEAG,,,UEAG,,UEAG,,UEAG,UE,,,UE,UEAG,,,,,UEAG,,
Geobacillus.1,,UEAG,,UEAG,,EAG,UEAG,UEAG,EAG,,E,UEAG,E,,E,,UEAG,,UEAG,EAG,EAG,UEAG,UEG,,UE,UE,E,E,,,U,UEAG,EAG,E,E,UEAG,UE,,UEAG,E,UE,,UEAG,UEAG,EAG,,EAG,EAG,EAG,,UEAG,UE,,,E,UEAG,,,,,UEAG,,
Pseudomonas.2,,UE,U,UEAG,,,UEAG,UEAG,EAG,,UEAG,UEAG,E,,UE,,UEAG,,UEAG,,EAG,UEAG,UEAG,,EAG,UE,UEG,UE,,,UE,UEAG,,UEAG,UEG,UEAG,UE,E,UEAG,UEG,UEG,,UEAG,UEAG,,,EAG,EAG,UEAG,,U,UEG,,,UEG,UEAG,,,U,,UEG,,EG
Flavonifractor.1,,UEAG,U,UEAG,,EAG,UEAG,UEAG,EAG,,UEAG,UE,UE,,UE,,UEAG,,UEAG,EAG,EAG,UEAG,UEAG,,UE,UE,UE,UE,,,E,UEAG,UEAG,E,UE,UEAG,UE,U,UE,UE,UE,,UE,UEAG,,,EAG,,UEAG,,UEAG,UE,,,UE,UEAG,,,,,UEAG,,
Intestinimonas.2,,UEAG,,UEAG,,,UEAG,UEAG,EAG,,UEAG,UE,UE,,UE,,UEAG,,UEAG,EAG,EAG,UEAG,UEAG,,UE,UE,UE,UE,,,E,UEAG,,E,UE,UEAG,U,U,UE,UE,UE,,UE,UEAG,,,UEAG,,UE,,UEAG,UE,,,UE,UE,,,,,UE,U,
Eubacterium.5,,EAG,U,UEAG,,EAG,UEAG,UEAG,EAG,,UEAG,UEAG,UEG,,UEG,UEAG,UEAG,,UEAG,EAG,EAG,UE,UEAG,,UE,UE,E,E,,,U,UEAG,EAG,E,UEG,UEAG,UE,U,,UEG,UE,,UE,UEAG,EAG,EAG,UEAG,EAG,UEG,EAG,UEAG,UE,,,E,UE,,,,,UEG,U,
Reyranella.1,,,U,UEAG,,,UEAG,EAG,EAG,,UEAG,UEAG,E,,UE,,EAG,,UEAG,,EAG,EAG,UEG,,EAG,UE,E,E,,,UE,UEAG,,E,UE,,U,,UEG,UEG,UEG,,UEG,UEAG,,,UEAG,,UEAG,,UEAG,UEG,,,E,UEAG,,,,,UEG,,
Clostridium.23,,EAG,,UEAG,,EAG,UEAG,UEAG,EAG,,UEAG,EAG,UEAG,,UEAG,UEAG,UEAG,,UEAG,EAG,EAG,UEAG,UEAG,,E,UE,UE,UE,,,UE,UEAG,UEAG,E,UEAG,UEAG,UE,U,UEAG,UEAG,UE,,UEAG,UEAG,EAG,EAG,UEAG,EAG,UEAG,UEAG,UEAG,UE,,,UE,UEAG,,,U,,UEAG,U,
Oceanobacillus.1,,UE,,UE,,,UE,UE,E,,UE,E,E,,UE,,UE,,UE,UE,E,UE,UE,,UE,UE,UE,UE,,,UE,UE,UE,E,E,UE,UE,,UE,E,UE,,UE,UE,,,E,,UE,,UE,UE,,,UE,UE,,,,,UE,,
Mycobacterium.1,,,,UE,,E,UE,UE,UE,,UE,E,UE,,UE,,UE,,UE,UE,E,UE,UE,,,,E,E,,,,UE,UE,E,,,UE,U,UE,UE,,,UE,UE,,,,,UE,,E,UE,,,E,UE,,,,,UE,,
Lactobacillus.7,,UE,,UE,,E,UE,UE,E,,UE,E,UE,,UE,,UE,,UE,UE,E,UE,UE,,UE,UE,E,E,,,UE,UE,UE,E,E,UE,UE,U,UE,UE,UE,,UE,UE,E,E,E,,UE,E,UE,UE,,,E,UE,,,,,UE,,
Campylobacter.2,,UEAG,,UEAG,,,UEAG,UEAG,EAG,,UEAG,EG,UE,,UE,,UEAG,,UEAG,UEAG,EAG,UE,UEAG,,UE,UE,E,E,,,U,UEAG,UEAG,E,E,UEAG,UE,UE,UE,UE,UE,,UE,UEAG,EAG,,UEAG,,UEAG,,UEAG,UE,,,E,UE,,,,,UE,,
Anaerofustis.1,,,,UE,,,UE,UE,,,UE,UE,E,,UE,UE,E,,UE,,E,UE,UE,,UE,,E,E,,,UE,UE,,E,,,U,,UE,UE,UE,,UE,UE,,,,,UE,,UE,UE,,,E,UE,,,,,U,,
Anaerobutyricum.1,,,,UEAG,,,UE,UEAG,,,UE,UE,E,,UE,,UEAG,,UEAG,E,EAG,UE,UE,,UE,UE,E,E,,,UE,UEAG,,E,E,UEAG,UE,,UE,UE,UE,,UE,UEAG,EAG,,,,UEAG,,UE,UE,,,E,UE,,,,,UE,,
Bacteroides.12,,UEAG,,UEAG,,,UEAG,UEAG,EAG,,UE,E,UE,,UE,,UEAG,,UEAG,E,EAG,UE,UEAG,,UE,UE,UE,UE,,,U,UEAG,EAG,E,E,U,U,U,UE,UE,UE,,UE,UEAG,EAG,,UEAG,,UEAG,EAG,UEAG,UE,,,UE,UE,,,U,,UEG,,
Longibaculum.1,,UE,,UE,,,UE,UE,E,,UE,E,UE,,UE,,E,,UE,UE,E,UE,UE,,U,,E,E,,,,UE,UE,E,E,UE,E,U,UE,UE,,,,UE,E,,E,,UE,,UE,UE,,,E,UE,,,,,UE,,
Pseudomonas.3,,E,UEAG,UEAG,,,UEAG,UEAG,EAG,,UEAG,UEAG,E,,UE,,UEAG,,UEAG,,EAG,UEAG,UEAG,,EAG,UE,UEG,UE,,,U,UEAG,,UEAG,UEG,,UE,E,UEAG,UEG,UEG,,UEAG,UEAG,,,UEAG,EAG,UEAG,,U,UEG,,,UEG,UEAG,,,,,UEG,,EG
Bosea.1,,UEAG,UEAG,UEAG,,,UE,UEAG,EAG,,,UEAG,EG,,UEG,,EAG,,UEAG,,EAG,UEAG,UEG,,EAG,UE,E,E,,,UE,UEAG,,E,UEG,,U,EG,UEG,UEG,UE,,UEG,UEAG,,,UEAG,EAG,UEAG,,UEAG,UEG,,,E,UEAG,,,,,UEG,U,
Salinibacterium.1,,E,,UE,,,UE,UE,,,UE,E,,,,,UE,,UE,E,E,E,UE,,UE,UE,E,E,,,U,UE,E,E,E,,UE,,UE,E,UE,,UE,UE,,E,UE,,UE,,UE,UE,,,E,UE,,,,,UE,,
Lactobacillus.8,,UE,,UE,,E,UE,UE,E,,UE,UE,UE,,UE,,,,UE,E,E,UE,UE,,UE,UE,UE,UE,,,UE,UE,E,E,UE,UE,UE,U,UE,UE,UE,,E,UE,,,UE,E,UE,,UE,UE,,,UE,UE,,,,,UE,,
Clostridioides.2,,UE,,UE,,,UE,UE,,,,E,E,,E,,E,,UE,,E,UE,UE,,,U,UE,UE,,,UE,UE,,E,,,U,,UE,,UE,,UE,UE,,,E,,E,,UE,UE,,,UE,UE,,,,,UE,,
Clostridium.24,,,U,UEAG,,,UE,UEAG,,,UE,UE,,,,,EAG,,UEAG,EAG,EAG,UE,E,,UE,UE,UE,UE,,,UE,UEAG,EAG,E,,,UE,,UE,UE,UE,,UE,UEAG,EAG,,UE,,UE,,UE,UE,,,UE,UE,,,,,UE,,
Megasphaera.1,,,,UE,,,UEA,UEA,,,UE,UE,E,,UE,,UEA,,UEA,,EA,UE,UE,,E,UE,E,E,,,UE,UEA,,E,UE,UEA,U,UE,E,U,UE,,UE,UEA,,,,,UE,,UE,UE,,,E,UE,,,,,UE,,U
Butyricicoccus.1,,,,UE,,,UEAG,UEAG,,,UE,E,E,,UE,,EAG,,UEAG,EAG,EAG,UE,UE,,UE,,E,E,,,UE,UEAG,UEAG,E,E,UEAG,U,,UE,UE,UE,,UE,UEAG,EAG,,EAG,,UE,,UEAG,UE,,,E,UE,,,,,UE,,E
Haemophilus.1,,UEAG,,UEAG,,,UEAG,UEAG,EAG,,,UE,E,,UE,,UEAG,EAG,UEAG,EAG,UEAG,UEAG,UEAG,,UE,UE,UE,UE,,,UE,UEAG,UEAG,E,UE,UEAG,UE,E,UE,UE,UE,,UEAG,UEAG,EAG,,EAG,,UEAG,,UEAG,UE,,,UE,UEAG,,,,,UE,,
Clostridium.25,,EAG,,UEAG,,EAG,UEAG,UEAG,EAG,,UEAG,EG,EG,,UEG,UEAG,UEAG,,UEAG,EAG,EAG,UE,UEAG,,UE,UE,UE,UE,,,U,UEAG,UEAG,E,EG,UEAG,UE,,UE,UEG,UE,,UE,UEAG,EAG,EAG,UEAG,EAG,UEAG,UEAG,UEAG,UE,,,UE,UE,,,,,UEG,U,
Neglecta.1,,E,,UE,,E,UE,UE,E,,UE,UE,E,,UE,UE,UE,,UE,E,E,UE,UE,,UE,UE,E,E,,,UE,UE,UE,E,UE,UE,U,,UE,UE,UE,,UE,UE,E,,UE,,UE,E,UE,UE,,,E,UE,,,,,UE,,
Murimonas.1,,EAG,,UEAG,,EAG,UEAG,UEAG,EAG,,UEAG,UEAG,UE,,UE,UEAG,UEAG,,UEAG,EAG,EAG,UE,UEAG,,UE,UE,UE,UE,,,U,UEAG,UEAG,E,UE,UEAG,UE,U,UE,UE,UE,,UE,UEAG,EAG,EAG,UEAG,EAG,UEG,EAG,UEAG,UE,,,UE,UE,,,,,UEG,U,
Neisseria.1,,,,UEAG,,,UEAG,UEAG,EAG,,UEAG,UE,E,,E,,UEAG,,UEAG,,EAG,UEAG,UEAG,,UE,UE,UE,UE,,,UE,UEAG,,E,E,,UE,,UE,E,UE,,UEAG,UEAG,,,UEAG,,UEAG,,UE,UE,,,UE,UEAG,,,,U,UE,,
Bacillus.2,,UEAG,,UEG,,EAG,UEAG,UEAG,EAG,,UEAG,UEAG,E,,UE,UEAG,UEAG,,UEAG,EAG,UEAG,UEAG,UEG,,UE,UE,UE,UE,,,U,UEAG,EAG,E,E,UEAG,UE,,UE,E,UE,,UEG,UEAG,EAG,EAG,EAG,EAG,UEAG,EAG,UE,UE,,,UE,UEAG,,,,,UEG,,
Eubacterium.6,,UEAG,,UEAG,,,UEAG,UEAG,,,,UEAG,E,,UE,,,,UEAG,,EAG,UEAG,UE,,UE,UE,UE,UE,,,U,UEAG,,E,E,,U,,UEG,UE,UE,,UEG,UEAG,,,UEAG,EAG,UEG,,UE,UE,,,UE,UEAG,,,,,UE,U,
Bacillus.3,,UEAG,,UEAG,,EAG,UEAG,UEAG,EAG,,UEAG,UEAG,EG,,UEG,UEAG,UEAG,,UEAG,UEAG,UEAG,UEAG,UEAG,,UE,UE,UEG,UE,,,UEG,UEAG,UEAG,EG,UEAG,UEAG,UE,EG,UEAG,UEAG,UE,,UEAG,UEAG,EAG,EAG,EAG,EAG,UEAG,EAG,UEAG,UE,,,UE,UEAG,,,,U,UEG,U,EG
Intestinibacter.1,,E,,UE,,E,UE,UE,E,,E,UE,UE,,UE,UE,UE,,UE,E,E,UE,UE,,UE,UE,E,E,,,U,UE,UE,E,UE,UE,UE,U,UE,UE,UE,,UE,UE,E,E,UE,E,UE,E,UE,UE,,,E,UE,,,,,UE,U,
Pseudomonas.4,,,U,UEAG,,,UEAG,UEAG,EAG,,UEAG,UEAG,E,,UE,,UEAG,,UEAG,,EAG,UEAG,UEAG,,EAG,UE,UEG,UE,,,UE,UEAG,,EG,UEG,UEAG,UE,E,UEAG,UEG,UE,,UEAG,UEAG,,,EAG,EAG,UEAG,,U,UEG,,,UEG,UEAG,,,U,,UEG,,
Aneurinibacillus.1,,UEAG,,UEAG,,,UEAG,UEAG,EAG,,UEAG,UEAG,EG,,UEG,,UEAG,,UEAG,UEAG,EAG,UEAG,UEAG,,UE,UE,E,E,,,UEG,UEAG,,E,EG,UEAG,UE,,UEAG,UEG,UE,,UEAG,UEAG,,,EAG,EAG,UEAG,,UEAG,UE,,,E,UEAG,,,,,UEG,U,
Bacillus.4,,UEAG,U,UEAG,,EAG,UEAG,UEAG,EAG,,UEAG,UEAG,EG,,UEG,UEAG,UEAG,,UEAG,UEAG,UEAG,UEAG,UEAG,,UE,UE,UEG,UE,,,UE,UEAG,UEAG,EG,UEAG,UEAG,UE,EG,UEAG,UEAG,UE,,UEAG,UEAG,EAG,EAG,EAG,EAG,UEAG,,UEAG,UE,,,UE,UEAG,,,,U,UEG,U,UEG
Dorea.1,,E,,UE,,E,UE,UE,E,,UE,E,UE,,UE,UE,E,E,UE,E,E,UE,UE,,E,UE,UE,UE,,,E,UE,UE,E,E,UE,UE,U,UE,UE,UE,,UE,UE,E,,UE,E,UE,E,UE,UE,,,UE,UE,,,,,UE,,
Lachnospiraceae.3,,EAG,,UEAG,,,UEAG,UEAG,EAG,,UEAG,UE,UE,,UE,,UEAG,EAG,UEAG,EAG,EAG,UE,UE,,UE,UE,UE,UE,,,UE,UEAG,UEAG,E,UE,UEAG,U,U,UE,UE,UE,,UE,UEAG,EAG,EAG,UEAG,,UEAG,EAG,UE,UE,,,UE,UE,,,,,UE,,
Brevundimonas.1,,,,UEAG,,,UE,UEAG,EAG,,UEAG,UEAG,E,,UE,,EAG,,UEAG,,EAG,UEAG,UEAG,,UE,UE,UE,UE,,,U,UEAG,,E,E,,,E,UE,E,UE,,UEAG,UEAG,,,UEAG,,UEAG,,UEAG,UEAG,,,UE,UEAG,,,,,UEAG,,
Bacillus.5,,UEAG,U,UEAG,,EAG,UEAG,UEAG,EAG,,UEAG,UEAG,EG,,UEG,,UEAG,,UEAG,UEAG,EAG,UEAG,UEAG,,UE,UE,EG,E,,,UE,UEAG,UEAG,EG,UEAG,UEAG,UE,,UEAG,UEAG,UE,,UEAG,UEAG,EAG,,EAG,EAG,UEAG,,UEAG,UE,,,EG,UEAG,,,,U,UEG,U,
Methylorubrum.1,,,U,UEAG,,,UEAG,EAG,EAG,,UEAG,UEAG,EG,,UEG,,UEAG,,UEAG,,EAG,EAG,UEAG,,UE,UE,E,E,,,U,UEAG,,UE,UEG,UEAG,U,EG,UE,UEG,UE,,UEAG,UEAG,,,UEAG,,UEAG,UEAG,U,UE,,,E,UEAG,,,U,,UEG,U,
Christensenella.1,,E,,UE,,E,UE,UE,,,E,UE,E,,UE,,E,,UE,E,E,E,UE,,UE,UE,E,E,,,UE,UE,UE,E,E,,E,,UE,E,UE,,UE,UE,E,,UE,,UE,E,UE,UE,,,E,UE,,,,,UE,U,U
Clostridium.26,,EAG,,UE,,EAG,UEAG,UEAG,EAG,,UE,E,UE,,UE,UEAG,UEAG,,UEAG,EAG,EAG,UE,UE,,UE,UE,UE,UE,,,UE,UEAG,UEAG,E,UE,UEAG,U,U,UE,UE,UE,,UE,UEAG,EAG,EAG,UEAG,,UE,,UE,UE,,,UE,UE,,,,,UE,U,
Alistipes.4,,UEAG,,UE,,,UE,UEAG,,,,,UE,,UE,,,,UE,,EAG,UE,UE,,,U,E,E,,,UE,UE,,E,E,,,U,UE,UE,UE,,UE,UEAG,,,EAG,,UE,,UE,UE,,,E,UE,,,,,U,,
Nosocomiicoccus.1,,E,,UE,,,UE,UE,,,UE,UE,E,,UE,,,,UE,,E,UE,UE,,E,UE,E,E,,,E,UE,,E,,,UE,,UE,,UE,,UE,UE,,,UE,,UE,,UE,UE,,,E,UE,,,,,UE,,
Clostridium.27,,EAG,,UEAG,,EAG,UEAG,UEAG,EAG,,UEAG,E,E,,UE,UEAG,UEAG,,UEAG,EAG,EAG,UEAG,UEAG,,UE,UE,UE,UE,,,U,UEAG,UEAG,E,UE,UEAG,U,,UE,UE,UE,,UE,UEAG,EAG,EAG,UEAG,,UE,UEAG,UEAG,UE,,,UE,UEAG,,,,,UE,,
bacterium.2,,E,,UE,,E,UE,UE,E,,UE,UE,E,,UE,,UE,,UE,E,E,UE,UE,,UE,UE,E,E,,,UE,UE,UE,E,U,UE,U,,UE,U,UE,,UE,UE,,,E,,UE,,UE,UE,,,E,UE,,,,,UE,,
Gracilibacillus.1,,UE,,UE,,E,UE,UE,E,,UE,UE,E,,UE,,UE,,UE,UE,E,UE,UE,,UE,UE,UE,UE,,,UE,UE,UE,UE,,UE,UE,,UE,,UE,,UE,UE,E,E,E,,UE,E,UE,UE,,,UE,UE,,,,,UE,,
Robinsoniella.1,,EAG,,UEAG,,EAG,UEAG,UEAG,EAG,,UEAG,E,E,,UE,UEAG,UEAG,,UEAG,EAG,EAG,UE,UEAG,,UE,UE,UE,UE,,,,UEAG,UEAG,,E,UEAG,U,,UE,UE,UE,,UE,UEAG,EAG,,UEAG,EAG,UE,,UEAG,UE,,,UE,UE,,,,,UE,,
Oscillibacter.2,,EAG,,UEAG,,EAG,UEAG,UEAG,UE,,UEAG,UE,UE,,UE,,EAG,,UEAG,E,EAG,UEAG,UEAG,,UE,UE,E,E,,,U,UEAG,,E,,,UE,U,UE,UE,UE,,UE,UEAG,,,UEAG,EAG,UE,,UEAG,UE,,,E,UE,,,,,UE,U,
Clostridium.28,,UE,,UE,,E,UE,UE,E,,UE,E,E,,E,,E,,UE,E,E,UE,UE,,E,,UE,UE,,,UE,UE,E,E,E,UE,U,,UE,E,UE,,UE,UE,,E,UE,,UE,,UE,UE,,,UE,UE,,,,,UE,,
Brevibacillus.1,,EAG,,UEG,,,UEAG,UEAG,EAG,,UEAG,UEAG,EG,,UEG,,UEAG,,UEAG,E,EAG,UEAG,UEG,,UE,UE,E,E,,,UE,UEAG,,E,EG,UEAG,UE,EG,UEG,EG,UE,,UEG,UEAG,,,UEAG,EAG,UEAG,,UEAG,UE,,,E,UEAG,,,U,U,UEG,U,
Xanthomonas.1,,,,UEAG,,,UE,UEAG,EAG,,UEAG,UEAG,E,,UE,,,,UEAG,,EAG,UEAG,UE,,UEAG,UE,UE,UE,,,U,UEAG,,E,UEAG,UEAG,U,E,UE,UEAG,UE,,UEAG,UEAG,,,UEAG,EAG,UEAG,,UEAG,UE,,,UE,UEAG,,,,,UEAG,,EAG
Oscillibacter.3,,UEAG,,UE,,,UEAG,UEAG,E,,UE,E,E,,UE,,EAG,,UEAG,E,EAG,UE,UEAG,,UE,UE,E,E,,,U,UEAG,,E,,,UE,,UE,,UE,,UE,UEAG,,,UEAG,EAG,U,,UEAG,UE,,,E,UE,,,,,UE,,U
Eubacterium.7,,UE,,UE,,,UE,UE,UE,,UE,UE,E,,UE,UE,UE,,UE,E,E,UE,UE,,UE,UE,UE,UE,,,UE,UE,UE,E,UE,UE,U,,UE,U,UE,,UE,UE,,,UE,,UE,E,UE,UE,,,UE,UE,,,,,UE,,
Ruminococcus.3,,,U,UEAG,,,UEAG,UEAG,UEAG,,UE,UEAG,E,,UE,,UEAG,,UEAG,EAG,EAG,UE,UE,,UE,UE,E,E,,,,UEAG,EAG,E,UE,,UE,,UE,UE,UE,,UE,UEAG,EAG,,EAG,,UE,,UE,UE,,,E,UE,,,,,UE,,
Hungatella.1,,UEAG,,UEAG,,EAG,UEAG,UEAG,EAG,,UEAG,E,UE,,UE,UEAG,UEAG,,UEAG,EAG,EAG,UEAG,UEAG,,UE,UE,E,E,,,U,UEAG,UEAG,E,UE,UEAG,U,U,UE,UE,UE,,UE,UEAG,EAG,EAG,EAG,,UE,UEAG,UEAG,UE,,,E,UEAG,,,,,UE,U,
Stenotrophomonas.4,,,,UEAG,,,UE,UEAG,EAG,,UEAG,UEAG,E,,UE,,EAG,,UEAG,,EAG,UEAG,UEG,,UEAG,UE,UEG,UE,,,UE,UEAG,,EG,UEG,UEAG,UE,E,UE,UEG,UE,,UEG,UEAG,,,UEAG,EAG,UEAG,,U,UEG,,,UEG,UEAG,,,,,UEG,,EG
Bacillus.6,,UEAG,,UEAG,,EAG,UEAG,UEAG,EAG,,UEAG,UEAG,EG,,UEG,UEAG,UEAG,,UEAG,UEAG,UEAG,UEAG,UEAG,,UE,UE,UEG,UE,,,UE,UEAG,UEAG,EG,UEAG,UEAG,UE,EG,UEAG,UEAG,UE,,UEAG,UEAG,EAG,,EAG,EAG,UEAG,,UEAG,UE,,,UE,UEAG,,,,U,UEG,U,
Lachnospiraceae.4,,UE,U,UE,,,UE,UE,,,UE,UE,UE,,UE,,E,E,UE,E,E,UE,UE,,UE,UE,UE,UE,,,UE,UE,UE,E,E,UE,U,U,UE,UE,UE,,UE,UE,E,,UE,,UE,E,UE,UE,,,UE,UE,,,,,UE,,U
Virgibacillus.1,,UEAG,,UEAG,,EAG,UEAG,UEAG,EAG,,UEAG,UEAG,EAG,,UEAG,UEAG,UEAG,,UEAG,UEAG,EAG,UEAG,UEAG,,UE,UE,UEAG,E,,,UE,UEAG,UEAG,EAG,EAG,UEAG,UE,,UE,UEAG,UE,,UEAG,UEAG,EAG,EAG,EAG,,UEAG,UEAG,UEAG,UE,,,UEAG,UEAG,,,,,UEAG,U,EAG
Coprococcus.3,,UE,U,UE,,,UE,UE,,,UE,UE,E,,U,,E,E,UE,E,E,UE,UE,,UE,UE,E,E,,,,UE,UE,E,,UE,U,,UE,UE,UE,,UE,UE,E,,UE,,UE,E,UE,UE,,,E,UE,,,,,UE,,
Blautia.4,,E,,UE,,E,UE,UE,E,,UE,E,UE,,UE,UE,E,,UE,E,E,UE,UE,,UE,UE,E,E,,,UE,UE,,E,,UE,U,U,UE,UE,UE,,UE,UE,E,,UE,E,UE,,UE,UE,,,E,UE,,,,,UE,,
Clostridium.29,,E,,UE,,,UE,UE,E,,E,UE,E,,UE,,UE,,UE,E,E,UE,UE,,UE,UE,E,E,,,U,UE,UE,E,E,UE,UE,,UE,UE,UE,,UE,UE,E,,UE,,U,,UE,UE,,,E,UE,,,,,UE,,
Eubacterium.8,,,,UE,,,UE,UEAG,,,UE,E,E,,UE,,EAG,,UEAG,E,EAG,UE,UE,,,UE,E,E,,,,UEAG,EAG,UE,,,U,,UE,UE,UE,,UE,UEAG,,,,,UE,,UE,UE,,,E,UE,,,,,UE,,
Olsenella.1,,E,,UE,,E,UE,UE,E,,UE,UE,E,,UE,UE,UE,,UE,UE,E,UE,UE,,UE,UE,E,E,,,UE,UE,UE,E,UE,UE,U,,UE,UE,UE,,UE,UE,E,,E,,UE,E,UE,UE,,,E,UE,,,,,UE,,
Clostridium.30,,EAG,,UEAG,,EAG,UEAG,UEAG,EAG,,UEAG,UE,UE,,UE,,UEAG,,UEAG,EAG,EAG,UE,UEAG,,UE,UE,E,E,,,U,UEAG,UEAG,E,UE,UEAG,UE,U,UE,UE,UE,,E,UEAG,EAG,,UEAG,EAG,UEAG,EAG,UEAG,UE,,,E,UE,,,,,UEG,,
Flavobacterium.1,,EAG,,UEAG,,,UEAG,UEAG,,,UEAG,UEAG,E,,E,,,,UEAG,,EAG,UEAG,UEAG,,UE,UE,E,E,,,UE,UEAG,,UE,E,,E,,UEAG,UE,UE,,UEAG,UEAG,,,EAG,,UEAG,,UE,UE,,,UE,UEAG,,,,,UEAG,,
Candidatus.1,,,,UE,,,U,E,,,UE,,E,,U,,UE,,UE,E,E,UE,UE,,,U,U,UE,,,UE,UE,E,,,,U,,U,U,,,U,UE,,,UE,,E,,UE,,,,UE,UE,,,,,UE,,
Papillibacter.1,,,,UE,,,U,UE,,,UE,U,UE,,UE,,,,UE,,E,UE,UE,,,UE,E,E,,,UE,UE,,E,,,,U,UE,U,UE,,UE,UE,,,,,UE,,UE,U,,,E,UE,,,,,UE,U,
Rhodococcus.1,,EAG,EAG,UEAG,,,UEAG,UEAG,EAG,,UEAG,UEAG,,,,,UEAG,,UEAG,UEAG,UEAG,UEAG,UEG,,UE,UE,UEG,UE,,,U,UEAG,,EG,EG,UEAG,UE,,UE,EG,UE,,UEG,UEAG,EAG,,UEAG,EAG,UEAG,,UEAG,UE,,,UEG,UEAG,,,U,,UEG,,
Candidatus.2,,,,UE,,,UE,UEAG,,,UEAG,,E,,E,,,,U,,EAG,UE,UEAG,,,,UE,E,,,UE,,,E,E,,U,,UE,E,UE,,UE,UEAG,,,,,UE,,UE,UE,,,UE,UE,,,,,U,,
Desulfovibrio.1,,,,UE,,,UE,UE,,,E,U,E,,,,UE,,UE,,E,UE,UE,,,E,,,,,,UE,,,,,,,UE,,,,U,UE,,,,,UE,,UE,,,,,UE,,,,,UE,,
Paenibacillus.2,,UEAG,,UEAG,,EAG,UEAG,UEAG,EAG,,UEAG,E,UE,,UE,,UEAG,,UEAG,UEAG,UEAG,UEAG,UEAG,,UE,UE,UE,UE,,,UE,UEAG,UEAG,E,E,UEAG,UE,U,UE,UE,UE,,UEAG,UEAG,EAG,EAG,EAG,,UEAG,UEAG,UE,UE,,,UE,UEAG,,,,U,UEG,,
Acetivibrio.1,,E,,UE,,E,UE,UE,E,,UE,UE,UE,,UE,,UE,,UE,E,E,UE,UE,,UE,UE,UE,UE,,,UE,UE,UE,E,UE,UE,UE,U,UE,UE,UE,,UE,UE,E,E,UE,,UE,E,UE,UE,,,UE,UE,,,,,UE,,
Cuneatibacter.1,,UE,,UE,,,UE,UE,E,,UE,UE,E,,UE,UE,UE,,UE,UE,E,UE,UE,,UE,UE,UE,UE,,,UE,UE,UE,E,UE,UE,U,,UE,U,UE,,UE,UE,,,E,,UE,,UE,UE,,,UE,UE,,,,,UE,,
Moraxella.1,,,,UEG,,,UEAG,UEAG,,,,E,E,,UE,,UEAG,,UEAG,,EAG,UE,UE,,E,UE,UE,UE,,,E,UEAG,,E,UEG,,UE,,UE,UEG,UE,,UE,UEAG,,,UEG,,UEG,,UEAG,UE,,,UE,UE,,,,,UEG,,
Alloiococcus.1,,UE,,UE,,,UE,UE,E,,,E,UE,,UE,UE,UE,,UE,UE,E,UE,UE,,E,UE,UE,UE,,,UE,UE,UE,E,E,UE,UE,U,UE,UE,UE,,UE,UE,E,,E,E,UE,,UE,UE,,,UE,UE,,,,,UE,U,
Yoonia.1,,EAG,U,UEAG,,,UEAG,EAG,EAG,,,UEAG,EAG,,UEAG,,UEAG,,UEAG,E,EAG,EAG,UEAG,,EAG,UE,E,E,,,UE,UEAG,EAG,E,EAG,UEAG,U,,EAG,UEAG,UE,,EAG,UEAG,,,UEAG,EAG,UEAG,,UEAG,UEG,,,E,UEAG,,,U,,UEG,U,
Paraeggerthella.1,,,,UE,,,UEAG,UEAG,,,,UE,E,,U,,,,UEAG,E,EAG,E,UE,,UE,UE,UE,UE,,,UE,UEAG,,E,,U,U,,UE,U,UE,,UE,UEAG,,,U,,UEAG,,UE,UE,,,UE,UE,,,,,UE,,
Pseudopropionibacterium.1,,UE,,UE,,,UE,UE,,,E,UE,,,,,UE,,UE,E,E,UE,UE,,,UE,E,E,,,UE,UE,E,E,,UE,UE,,UE,,,,UE,UE,E,,UE,E,UE,E,UE,,,,E,UE,,,,,UE,,
Clostridium.31,,E,,UE,,E,UE,UE,E,,UE,UE,UE,,UE,,UE,,UE,E,E,UE,UE,,UE,UE,UE,UE,,,UE,UE,,E,U,UE,U,U,UE,U,UE,,UE,UE,E,E,UE,,UE,,UE,UE,,,UE,UE,,,,,UE,,
Lachnobacterium.1,,,,UE,,EAG,UEAG,UEAG,EAG,,UE,UE,UE,,UE,,EAG,,U,EAG,EAG,UE,UE,,E,UE,UE,UE,,,E,,EAG,E,,UEAG,U,U,E,UE,UE,,UE,UEAG,EAG,,,,E,EAG,UE,UE,,,UE,UE,,,,,UE,,
Vagococcus.1,,UE,,UE,,,UE,UE,E,,,E,UE,,UE,,UE,,UE,E,E,UE,UE,,E,UE,E,E,,,UE,UE,E,E,,UE,U,U,UE,U,UE,,UE,UE,E,,E,,E,,UE,UE,,,E,UE,,,,,UE,UE,
Gottschalkia.1,,,,UE,,,U,UEAG,,,UE,U,,,,,,,UEAG,,EAG,UE,UE,,,UE,E,E,,,U,UEAG,,E,,,U,,UE,,UE,,U,UE,,,,,UE,,UE,U,,,E,UE,,,,,U,,
Brevibacterium.2,,UEAG,,UEAG,,,UEAG,UEAG,EAG,,UEAG,UEAG,E,,UE,,UEAG,,UEAG,,EAG,UEAG,UEAG,,UE,UE,UEG,UE,,,UEAG,UEAG,,EG,UEG,UEAG,UE,,UE,UEG,UE,,UEAG,UEAG,,,UEAG,EAG,UEAG,,UEAG,UE,,,UE,UEAG,,,U,,UEG,,
Fulvimarina.1,,EAG,UEAG,UEAG,,,UE,UEAG,EAG,,EAG,UE,EG,,UEG,,UEAG,,UEAG,E,EAG,UEAG,UEAG,,EAG,UE,E,E,,,UE,UEAG,EAG,E,UEG,,U,,EG,UEG,UE,,UEAG,UEAG,EAG,,UEAG,,UEAG,EAG,UEAG,UEG,,,E,UEAG,,,,,UEG,U,
Candidatus.3,,UE,,UE,,,UE,UE,E,,UE,,E,,UE,,E,,UE,UE,E,UE,UE,,,,E,UE,,,,UE,UE,E,UE,,,,UE,UE,E,,UE,UE,E,,UE,,U,E,E,E,,,UE,UE,,,,,UE,,
Campylobacter.3,,UEAG,,UEAG,,,UEAG,UEAG,EAG,,,UE,E,,UE,,UEAG,,UEAG,EAG,EAG,UE,UEAG,,UE,UE,UE,UE,,,E,UEAG,,E,E,UEAG,UE,E,UE,E,UE,,UE,UEAG,EAG,,UEAG,,UEAG,EAG,UEAG,UE,,,UE,UE,,,,,UE,,
Erysipelotrichaceae.2,,UEAG,,UEAG,,,UEAG,UEAG,E,,UE,UEAG,E,,UE,UEAG,UEAG,,UEAG,,EAG,UE,UE,,UE,UE,UE,UE,,,UE,UEAG,,E,,UEAG,U,,UE,,UE,,E,UEAG,,,UEAG,,UE,,UE,UE,,,UE,UE,,,,,UE,,
Olsenella.2,,E,,UE,,E,UE,UE,E,,UE,E,E,,UE,UE,UE,,UE,,E,UE,UE,,UE,UE,E,E,,,E,UE,,E,,UE,U,UE,UE,UE,UE,,UE,UE,,,UE,,UE,,UE,UE,,,E,UE,,,,,UE,,
Prevotella.1,,,,UEAG,,,UEAG,UEAG,EAG,,,E,UE,,UE,,EAG,,UEAG,E,EAG,E,UEAG,,E,,UE,UE,,,U,UEAG,EAG,E,E,U,U,U,UE,UE,UE,,E,UEAG,EAG,,,,UEAG,EAG,UE,UE,,,UE,UE,,,,,UE,,
Silanimonas.1,,,,UEAG,,,UE,UEAG,,,UEAG,,E,,UE,,,,UEAG,,EAG,UEAG,UEAG,,UEAG,UE,UE,UE,,,U,UEAG,,,UEAG,,,E,UE,UEAG,UE,,UEAG,UEAG,,,UEAG,,UEAG,,UEAG,UEAG,,,UE,UEAG,,,,U,UEAG,,
Mesorhizobium.2,,EAG,EAG,UEAG,,,UE,UEAG,,,UEAG,UEAG,EG,,UEG,,UEAG,,UEAG,E,EAG,UEAG,UEG,,EAG,UE,E,E,,,U,UEAG,EAG,E,UEG,UEAG,U,EG,UEG,UEG,UE,,EG,UEAG,,,UEAG,EAG,UEAG,,U,UEG,,,E,UEAG,,,,,UEG,U,
Absiella.1,,UE,,UE,,,UE,UE,E,,UE,E,,,,,E,,U,,E,UE,UE,,E,,E,E,,,E,,,E,,UE,,,UE,UE,,,UE,UE,E,,E,,UE,,UE,,,,E,UE,,,,,UE,,
Anaerotignum.1,,EAG,,UEAG,,,UE,UEAG,,,UE,E,E,,E,,EAG,,UEAG,,EAG,UE,UEAG,,UE,UE,E,E,,,U,UEAG,,E,E,,U,,UE,E,UE,,UE,UEAG,,,UEAG,EAG,UE,,UEAG,UE,,,E,UE,,,,,UE,,
Novosphingobium.1,,,U,UEAG,,,UE,UEAG,EAG,,UEAG,UE,E,,UE,,,,UEAG,UEG,EAG,UEAG,UE,,UE,UE,UE,UE,,,U,UEAG,UEAG,UE,UEG,UEAG,E,,UE,UEG,UE,,UEG,UEAG,,,,,UEAG,,UEAG,UE,,,UE,UEAG,,,U,U,UEG,,
Clostridium.32,,UEAG,U,UE,,,UE,UEAG,,,,E,E,,UE,,UEAG,,U,EAG,EAG,UE,UE,,E,,E,E,,,UE,,,E,,UEAG,U,,UE,UE,UE,,UE,UEAG,EAG,,EAG,,UE,,UE,UE,,,E,UE,,,,,UE,,
Rhodococcus.2,,EAG,UEAG,UEAG,,EAG,UEAG,UEAG,EAG,,UEAG,UEAG,,,,,UEAG,,UEAG,UEAG,UEAG,UEAG,UEAG,,UEAG,UE,EG,E,,,U,UEAG,UEAG,EG,EG,UEAG,UE,,UE,EG,UE,,UEG,UEAG,EAG,,UEAG,,UEAG,,UEAG,UE,,,EG,UEAG,,,U,,UEG,,
Eubacterium.9,,,,UE,,,UE,UE,,,UE,,,,,,,,U,,EAG,UE,UE,,,U,E,E,,,,,,,,,,,UE,,U,,U,UEAG,,,,,U,,UE,U,,,E,UE,,,,,U,,
Hungateiclostridium.1,,EAG,,UEAG,,,UE,UEAG,UEAG,,E,UEAG,UE,,UE,,UEAG,,UEAG,E,EAG,UEAG,UEAG,,UE,UE,UE,UE,,,UE,UEAG,EAG,E,E,UEAG,UE,UE,UE,UE,UE,,UEG,UEAG,,,UEAG,,UEAG,,U,UEG,,,UE,UEAG,,,UEG,,UEG,,
Selenomonas.1,,,,UEG,,,UEAG,UEAG,EAG,,EAG,UE,E,,E,UEAG,EAG,,UEAG,,EAG,UEAG,UE,,UEAG,UE,UE,UE,,,,UEAG,,E,E,,U,,UE,E,UE,,UE,UE,,,,,UEAG,,UE,UE,,,UE,UEAG,,,,,U,,
Butyrivibrio.1,,,,UE,,,UEAG,UEAG,,,UE,E,E,,UE,,EAG,,UEAG,EAG,EAG,UE,UE,,E,U,E,E,,,,UEAG,,E,E,,,,UE,UE,,,UE,UEAG,,,,,E,,UE,UE,,,E,UE,,,,,UE,,
Eggerthella.1,,,,UE,,,UE,UE,,,UE,E,E,,UE,,,,UE,E,E,E,UE,,UE,,UE,UE,,,UE,UE,,E,E,U,U,,UE,,UE,,UE,UE,,,,,UE,,UE,UE,,,UE,UE,,,,,UE,,
Numidum.1,,UEAG,,UEAG,,,UE,UEAG,EAG,,UE,EG,EG,,UEG,,UEAG,,UEAG,UEAG,EAG,UEAG,UEAG,,UE,UE,UE,UE,,,U,UEAG,,E,EAG,UEAG,UE,,UE,EAG,UE,,UEAG,UEAG,,,UEAG,,UEAG,,UE,UE,,,UE,UEAG,,,,,UEG,U,
Bacteroides.13,,,,UE,,,UE,UE,,,UE,E,E,,UE,,UE,,UE,,E,UE,UE,,E,UE,UE,UE,,,UE,UE,,E,,UE,U,,UE,UE,UE,,UE,UE,,,,,,,UE,UE,,,UE,UE,,,,,UE,,
Sutterella.1,,,,UEAG,,,UEAG,UEAG,,,,E,E,,UE,,UEAG,,UEAG,,EAG,UE,UEAG,,UE,UE,E,E,,,UE,UEAG,,E,,,U,,E,,UE,,UE,UEAG,,,UE,,UEAG,,UEAG,UE,,,E,UE,,,,,UE,,U
Rikenella.1,,,,UEAG,,,UEAG,UEAG,EAG,,UE,E,E,,UE,,EAG,,UEAG,E,EAG,UE,UEAG,,UE,UE,UE,UE,,,UE,UEAG,EAG,E,,,,,UE,,UE,,UE,UEAG,E,,,,UEAG,,UEAG,UE,,,UE,UE,,,,,U,,
Marvinbryantia.1,,UE,,UE,,E,,E,UE,,U,UE,UE,,UE,,UE,,UE,E,E,UE,UE,,,U,E,E,,,,UE,UE,E,UE,UE,,U,UE,UE,,,U,UE,,,E,,U,,E,,,,E,UE,,,,,UE,,
Senegalimassilia.1,,,,UEAG,,,UEAG,UEAG,,,UE,UEAG,E,,E,,,,UEAG,,EAG,UE,UE,,UE,,UE,UE,,,,UEAG,,E,E,,U,,UE,E,UE,,UE,UEAG,,,,,UEG,,UE,UE,,,UE,UE,,,,,UE,,
Lachnospiraceae.5,,EAG,,UEAG,,EAG,UEAG,UEAG,EAG,,UEAG,UE,UE,,UE,,UEAG,,UEAG,EAG,EAG,UEAG,UEAG,,UEAG,UE,E,E,,,UE,UEAG,UEAG,E,E,UEAG,UE,U,UE,UE,UE,,E,UEAG,EAG,,UEAG,EAG,UEG,EAG,UEAG,UE,,,E,UEAG,,,,,UE,,
Merdibacter.1,,UE,,UE,,,UE,UE,,,UE,E,E,,U,,UE,,UE,,E,UE,UE,,UE,,E,E,,,,UE,,E,,UE,E,,UE,UE,,,,UE,E,,E,,UE,,UE,,,,E,UE,,,,,UE,,U
Clostridium.33,,,,UE,,,UE,UE,E,,UE,E,E,,E,,E,,U,E,E,UE,UE,,,UE,E,E,,,,E,,E,E,UE,,,E,UE,,,UE,UE,E,,,,UE,,,UE,,,E,UE,,,,,UE,,U
Dehalobacterium.1,,,,UE,,,UE,UE,,,UE,UE,,,,,,,UE,,E,UE,UE,,UE,UE,E,E,,,U,UE,,E,,,U,,UE,,UE,,UE,UE,,,U,,UE,,UE,UE,,,E,UE,,,,,UE,,
Lactobacillus.9,,UEG,,UE,,,UEG,UEG,EG,,EG,E,,,,,UEG,,UEG,UE,EG,UE,UE,,E,UE,E,E,,,E,UEG,,E,,UEG,U,,UE,UE,UE,,UE,UEG,EG,,EG,,UEG,,E,UE,,,UE,UE,,,,,UEG,,
Culturomica.1,,,,UEAG,,,UEAG,UEAG,,,,E,E,,E,,EAG,,UEAG,E,EAG,UE,UEAG,,UE,U,UE,UE,,,U,UEAG,EAG,E,E,U,U,,UE,E,UE,,UE,UEAG,E,,,,UEG,,UEAG,UE,,,UE,UE,,,,,UEG,,
Ralstonia.1,,,U,UEAG,,EG,UEAG,UEAG,,,UEAG,UE,EG,,UEG,,UEAG,,UEAG,,EAG,UEAG,UEG,,UE,UE,E,E,,,UE,UEAG,,E,EAG,,U,EG,UEAG,UEAG,UE,,UEG,UEAG,,,EAG,EAG,UEAG,,U,UEG,,,E,UEAG,,,,U,UEG,U,EG
Ruminococcus.4,,,U,UEAG,,,UE,UEAG,UEAG,,UEAG,UEAG,UE,,UE,,EAG,,UEAG,EAG,EAG,UEAG,UE,,UE,UE,E,E,,,,UEAG,EAG,E,UE,UEAG,UE,U,UE,UE,UE,,UE,UEAG,EAG,,,,UE,UEAG,UE,UE,,,E,UEAG,,,,,UE,,U
Vallitalea.1,,EAG,,UEAG,,EAG,UEAG,UEAG,UEAG,,UE,E,E,,UE,UEAG,EAG,,UEAG,EAG,EAG,UE,UEAG,,UE,UE,UE,UE,,,UE,UEAG,UEAG,E,E,UEAG,U,,UE,UE,UE,,UE,UEAG,EAG,,UEAG,,,,UEAG,UE,,,UE,UE,,,,,UE,,
Bifidobacterium.3,,,,UE,,E,UE,UE,E,,UE,UE,,,,,E,,UE,UE,E,UE,UE,,UE,UE,E,E,,,UE,,UE,E,,UE,U,,UE,UE,UE,,UE,UE,E,,UE,,UE,,UE,UE,,,E,UE,,,,,UE,,
Peptoniphilus.2,,E,,UE,,,UE,UE,,,UE,E,,,,,,,UE,,E,UE,UE,,E,,E,E,,,UE,UE,,E,,,U,,UE,UE,E,,UE,UE,,,UE,,UE,,UE,UE,,,E,UE,,,,,U,,
Clostridiales.1,,E,,UE,,,UE,UE,E,,UE,E,UE,,UE,,UE,,U,E,E,UE,UE,,E,UE,,E,,,,,,E,,UE,U,U,UE,UE,UE,,E,UE,,,E,,UE,,UE,UE,,,E,UE,,,,,UE,,
Allobaculum.1,,,,UE,,,UE,UE,E,,UE,E,,,,,E,,UE,E,E,UE,UE,,U,,E,E,,,,UE,,E,,UE,,,UE,UE,,,UE,UE,E,,,,UE,,UE,UE,,,E,UE,,,,,UE,,
Lactobacillus.10,,UE,,UE,,,,E,E,,E,E,UE,,UE,,UE,,UE,,E,UE,UE,,,U,UE,UE,,,,UE,,,,UE,,U,UE,U,E,,,UE,E,,UE,,UE,,,,,,UE,UE,,,,,UE,,
